"","Survived","Passenger.Class","Sex","Age","Passenger.Fare","Port.of.Embarkation","Normal.Title","Family.Size","nCabins","Survived.dum","Passenger.Class.dum","Sex.dum","Port.of.Embarkation.dum","Normal.Title.dum"
"1","Yes","Second","Female",1,41.5792,"Cherbourg","Miss",3,0,1,2,1,1,2
"2","No","Third","Male",48,7.8542,"Southampton","Mr",0,0,0,3,2,3,3
"3","Yes","Third","Male",32,7.5792,"Southampton","Mr",0,0,1,3,2,3,3
"4","No","Third","Female",24,7.8792,"Queenstown","Miss",0,0,0,3,1,2,2
"5","No","Third","Female",30,15.55,"Southampton","Mrs",1,0,0,3,1,3,4
"6","Yes","First","Male",35,512.3292,"Cherbourg","Mr",0,1,1,1,2,1,3
"7","Yes","Second","Female",45,26.25,"Southampton","Mrs",2,0,1,2,1,3,4
"8","No","Third","Male",34.5,7.8292,"Queenstown","Mr",0,0,0,3,2,2,3
"9","No","Third","Male",23,13.9,"Southampton","Mr",1,0,0,3,2,3,3
"10","No","Third","Female",21,8.6625,"Southampton","Miss",0,0,0,3,1,3,2
"11","No","Third","Male",30,7.2292,"Cherbourg","Mr",0,0,0,3,2,1,3
"12","Yes","Second","Female",4,23,"Southampton","Miss",2,0,1,2,1,3,2
"13","Yes","Third","Male",9,3.1708,"Southampton","Master",1,0,1,3,2,3,1
"14","No","Third","Female",27,7.925,"Southampton","Miss",1,0,0,3,1,3,2
"15","Yes","Second","Female",20,33,"Southampton","Miss",0,0,1,2,1,3,2
"16","No","Third","Male",18,7.75,"Southampton","Mr",0,0,0,3,2,3,3
"17","Yes","First","Male",35,26.55,"Cherbourg","Mr",0,0,1,1,2,1,3
"18","No","Third","Male",50,8.05,"Southampton","Mr",0,0,0,3,2,3,3
"19","No","Second","Male",49,65,"Southampton","Mr",3,0,0,2,2,3,3
"20","No","First","Male",56,30.6958,"Cherbourg","Mr",0,1,0,1,2,1,3
"21","Yes","First","Female",23,113.275,"Cherbourg","Miss",1,1,1,1,1,1,2
"22","Yes","First","Male",0.9167,151.55,"Southampton","Master",3,2,1,1,2,3,1
"23","Yes","Third","Male",29,7.75,"Queenstown","Mr",0,0,1,3,2,2,3
"24","Yes","First","Female",38,146.5208,"Cherbourg","Mrs",1,1,1,1,1,1,4
"25","Yes","Third","Female",16,7.75,"Queenstown","Miss",0,0,1,3,1,2,2
"26","No","Second","Male",25,26,"Southampton","Mr",1,0,0,2,2,3,3
"27","No","Third","Male",11,69.55,"Southampton","Mr",10,0,0,3,2,3,3
"28","No","Second","Male",44,13,"Southampton","Mr",0,0,0,2,2,3,3
"29","No","Third","Male",34.5,6.4375,"Cherbourg","Mr",0,0,0,3,2,1,3
"30","No","Second","Male",36,15.0458,"Cherbourg","Mr",0,1,0,2,2,1,3
"31","No","Third","Male",32,7.925,"Southampton","Mr",0,0,0,3,2,3,3
"32","Yes","Third","Female",24,7.75,"Queenstown","Miss",0,0,1,3,1,2,2
"33","Yes","Second","Female",48,65,"Southampton","Mrs",3,0,1,2,1,3,4
"34","Yes","Third","Male",1,20.575,"Southampton","Master",3,0,1,3,2,3,1
"35","Yes","Third","Female",23,8.05,"Southampton","Miss",0,0,1,3,1,3,2
"36","No","Third","Male",25,7.725,"Queenstown","Mr",0,0,0,3,2,2,3
"37","Yes","First","Male",27,30.5,"Southampton","Mr",0,0,1,1,2,3,3
"38","Yes","First","Male",53,28.5,"Cherbourg","Rare",0,1,1,1,2,1,5
"39","Yes","Third","Male",25,7.2292,"Cherbourg","Mr",0,2,1,3,2,1,3
"40","No","Third","Male",2,29.125,"Queenstown","Master",5,0,0,3,2,2,1
"41","No","Third","Female",3,21.075,"Southampton","Miss",4,0,0,3,1,3,2
"42","Yes","Second","Female",50,26,"Southampton","Mrs",1,0,1,2,1,3,4
"43","Yes","Third","Female",0.75,19.2583,"Cherbourg","Miss",3,0,1,3,1,1,2
"44","Yes","Second","Female",29,26,"Southampton","Mrs",1,0,1,2,1,3,4
"45","No","Second","Male",21,73.5,"Southampton","Mr",2,0,0,2,2,3,3
"46","No","Third","Female",8,21.075,"Southampton","Miss",4,0,0,3,1,3,2
"47","No","First","Male",46,75.2417,"Cherbourg","Mr",0,1,0,1,2,1,3
"48","Yes","Third","Male",22,7.225,"Cherbourg","Mr",0,0,1,3,2,1,3
"49","No","Third","Female",10,24.15,"Southampton","Miss",2,0,0,3,1,3,2
"50","Yes","Second","Female",18,23,"Southampton","Miss",1,0,1,2,1,3,2
"51","Yes","Third","Female",21,7.7792,"Queenstown","Miss",0,0,1,3,1,2,2
"52","Yes","Third","Female",5,31.3875,"Southampton","Miss",6,0,1,3,1,3,2
"53","Yes","First","Female",18,79.65,"Southampton","Miss",2,1,1,1,1,3,2
"54","No","Third","Male",26,8.05,"Southampton","Mr",0,0,0,3,2,3,3
"55","No","Third","Male",8,29.125,"Queenstown","Master",5,0,0,3,2,2,1
"56","No","Third","Female",10,23.45,"Southampton","Miss",3,0,0,3,1,3,2
"57","No","First","Male",39,29.7,"Cherbourg","Mr",0,1,0,1,2,1,3
"58","No","First","Male",58,29.7,"Cherbourg","Mr",0,1,0,1,2,1,3
"59","No","Third","Male",55.5,8.05,"Southampton","Mr",0,0,0,3,2,3,3
"60","Yes","Third","Female",22,7.7333,"Queenstown","Miss",0,0,1,3,1,2,2
"61","No","Second","Male",57,12.35,"Queenstown","Rare",0,0,0,2,2,2,5
"62","No","Third","Female",21,9.825,"Southampton","Miss",1,0,0,3,1,3,2
"63","No","Third","Female",1,12.1833,"Southampton","Miss",2,0,0,3,1,3,2
"64","Yes","Second","Female",48,36.75,"Southampton","Mrs",2,0,1,2,1,3,4
"65","No","First","Male",42,26.55,"Southampton","Mr",0,0,0,1,2,3,3
"66","No","Third","Female",31,7.8542,"Southampton","Miss",0,0,0,3,1,3,2
"67","No","Second","Male",27,15.0333,"Cherbourg","Mr",0,0,0,2,2,1,3
"68","Yes","Second","Female",45,13.5,"Southampton","Mrs",0,0,1,2,1,3,4
"69","No","First","Male",38,0,"Southampton","Mr",0,1,0,1,2,3,3
"70","Yes","First","Female",64,83.1583,"Cherbourg","Mrs",2,1,1,1,1,1,4
"71","Yes","First","Female",39,108.9,"Cherbourg","Rare",0,1,1,1,1,1,5
"72","Yes","First","Male",40,35.5,"Southampton","Mr",0,1,1,1,2,3,3
"73","No","Third","Male",32,7.75,"Queenstown","Mr",0,0,0,3,2,2,3
"74","No","Third","Male",32,22.525,"Southampton","Mr",0,0,0,3,2,3,3
"75","No","Third","Female",20,9.825,"Southampton","Miss",1,0,0,3,1,3,2
"76","No","Second","Male",22,31.5,"Southampton","Mr",2,0,0,2,2,3,3
"77","Yes","Second","Male",8,32.5,"Southampton","Master",2,0,1,2,2,3,1
"78","No","Third","Female",28,8.05,"Southampton","Miss",0,0,0,3,1,3,2
"79","Yes","Second","Female",29,26,"Southampton","Mrs",1,0,1,2,1,3,4
"80","No","Third","Male",17,7.8958,"Southampton","Mr",0,0,0,3,2,3,3
"81","No","Second","Male",40,16,"Southampton","Mr",0,0,0,2,2,3,3
"82","No","Third","Male",26,7.775,"Southampton","Mr",0,0,0,3,2,3,3
"83","No","Third","Male",11.5,14.5,"Southampton","Master",2,0,0,3,2,3,1
"84","Yes","First","Female",58,153.4625,"Southampton","Mrs",1,1,1,1,1,3,4
"85","Yes","Second","Male",2,23,"Southampton","Master",2,0,1,2,2,3,1
"86","Yes","Third","Female",22,7.75,"Queenstown","Miss",0,0,1,3,1,2,2
"87","No","Second","Male",54,26,"Southampton","Rare",1,0,0,2,2,3,5
"88","No","Third","Male",34,8.05,"Southampton","Mr",0,0,0,3,2,3,3
"89","No","Third","Male",33,8.6542,"Southampton","Mr",0,0,0,3,2,3,3
"90","No","Second","Male",18,73.5,"Southampton","Mr",0,0,0,2,2,3,3
"91","No","Third","Male",2,39.6875,"Southampton","Master",5,0,0,3,2,3,1
"92","No","Third","Male",51,8.05,"Southampton","Mr",0,0,0,3,2,3,3
"93","Yes","Third","Female",22,7.7333,"Queenstown","Miss",0,0,1,3,1,2,2
"94","No","Third","Male",26,7.8958,"Southampton","Mr",0,0,0,3,2,3,3
"95","No","First","Male",46,79.2,"Cherbourg","Mr",0,2,0,1,2,1,3
"96","Yes","First","Female",37,90,"Queenstown","Mrs",1,1,1,1,1,2,4
"97","No","Second","Male",29,15.05,"Cherbourg","Mr",0,0,0,2,2,1,3
"98","Yes","First","Female",31,164.8667,"Southampton","Miss",2,1,1,1,1,3,2
"99","Yes","Third","Female",22,8.9625,"Southampton","Miss",0,0,1,3,1,3,2
"100","No","Third","Female",19,16.1,"Southampton","Mrs",1,0,0,3,1,3,4
"101","Yes","First","Female",38,71.2833,"Cherbourg","Mrs",1,1,1,1,1,1,4
"102","No","First","Male",44,90,"Queenstown","Rare",2,1,0,1,2,2,5
"103","Yes","First","Female",18,53.1,"Southampton","Mrs",1,1,1,1,1,3,4
"104","No","Third","Female",45,14.4542,"Cherbourg","Mrs",1,0,0,3,1,1,4
"105","Yes","First","Female",54,81.8583,"Southampton","Mrs",2,1,1,1,1,3,4
"106","No","First","Male",47,34.0208,"Southampton","Mr",0,1,0,1,2,3,3
"107","No","First","Male",62,26.55,"Southampton","Mr",0,0,0,1,2,3,3
"108","No","Third","Male",19,7.8958,"Southampton","Mr",0,0,0,3,2,3,3
"109","Yes","First","Female",53,27.4458,"Cherbourg","Mrs",0,0,1,1,1,1,4
"110","Yes","First","Female",51,77.9583,"Southampton","Mrs",1,1,1,1,1,3,4
"111","No","Second","Male",50,13,"Southampton","Mr",0,0,0,2,2,3,3
"112","Yes","Third","Female",24,15.85,"Southampton","Mrs",1,0,1,3,1,3,4
"113","No","Third","Male",36,9.5,"Southampton","Mr",0,0,0,3,2,3,3
"114","Yes","Third","Male",25,7.775,"Southampton","Mr",1,0,1,3,2,3,3
"115","Yes","Third","Female",33,20.575,"Southampton","Mrs",3,0,1,3,1,3,4
"116","Yes","First","Female",35,512.3292,"Cherbourg","Miss",0,0,1,1,1,1,2
"117","No","Third","Male",26,7.8958,"Southampton","Mr",0,0,0,3,2,3,3
"118","No","Third","Male",21,7.925,"Southampton","Mr",0,0,0,3,2,3,3
"119","Yes","First","Male",36,26.3875,"Southampton","Mr",0,1,1,1,2,3,3
"120","No","Third","Male",22,7.25,"Southampton","Mr",1,0,0,3,2,3,3
"121","No","Third","Male",35,8.05,"Southampton","Mr",0,0,0,3,2,3,3
"122","No","Third","Female",35,7.75,"Queenstown","Miss",0,0,0,3,1,2,2
"123","No","Second","Male",57,13,"Southampton","Mr",0,0,0,2,2,3,3
"124","No","Third","Male",22.5,7.225,"Cherbourg","Mr",0,0,0,3,2,1,3
"125","No","Third","Female",22,14.5,"Southampton","Mrs",0,0,0,3,1,3,4
"126","No","Third","Male",17,21.6792,"Cherbourg","Mr",2,0,0,3,2,1,3
"127","Yes","Third","Male",18,8.05,"Southampton","Mr",0,0,1,3,2,3,3
"128","No","Third","Male",21,7.775,"Southampton","Mr",0,0,0,3,2,3,3
"129","Yes","Third","Female",22,7.75,"Southampton","Miss",0,0,1,3,1,3,2
"130","No","Second","Male",23,10.5,"Southampton","Mr",0,0,0,2,2,3,3
"131","Yes","First","Female",62,80,"Cherbourg","Mrs",0,1,1,1,1,1,4
"132","No","Third","Male",26,7.8958,"Southampton","Mr",0,0,0,3,2,3,3
"133","Yes","Second","Female",40,39,"Southampton","Mrs",2,0,1,2,1,3,4
"134","Yes","Second","Female",19,13,"Southampton","Miss",0,0,1,2,1,3,2
"135","No","Third","Male",40,27.9,"Southampton","Mr",5,0,0,3,2,3,3
"136","No","Third","Male",28,22.525,"Southampton","Mr",0,0,0,3,2,3,3
"137","No","Third","Female",30.5,7.75,"Queenstown","Miss",0,0,0,3,1,2,2
"138","Yes","Second","Female",28,24,"Cherbourg","Mrs",1,0,1,2,1,1,4
"139","No","Third","Male",26,8.05,"Southampton","Mr",0,0,0,3,2,3,3
"140","Yes","Third","Female",22,7.75,"Queenstown","Miss",0,0,1,3,1,2,2
"141","Yes","Third","Male",32,7.775,"Southampton","Mr",0,0,1,3,2,3,3
"142","No","Third","Male",7,39.6875,"Southampton","Master",5,0,0,3,2,3,1
"143","No","Third","Male",40,7.225,"Cherbourg","Mr",0,0,0,3,2,1,3
"144","No","First","Male",42,26.55,"Southampton","Mr",0,1,0,1,2,3,3
"145","No","First","Male",50,211.5,"Cherbourg","Mr",2,1,0,1,2,1,3
"146","Yes","First","Female",33,27.7208,"Cherbourg","Miss",0,1,1,1,1,1,2
"147","Yes","First","Male",53,81.8583,"Southampton","Rare",2,1,1,1,2,3,5
"148","Yes","Second","Female",28,26,"Southampton","Mrs",1,0,1,2,1,3,4
"149","No","First","Male",57,164.8667,"Southampton","Mr",2,0,0,1,2,3,3
"150","Yes","First","Male",34,26.55,"Southampton","Mr",0,0,1,1,2,3,3
"151","Yes","Second","Female",36,13,"Southampton","Mrs",0,1,1,2,1,3,4
"152","No","Third","Male",16,8.05,"Southampton","Mr",0,0,0,3,2,3,3
"153","No","Third","Female",6,31.275,"Southampton","Miss",6,0,0,3,1,3,2
"154","No","Third","Male",17,7.125,"Southampton","Mr",0,0,0,3,2,3,3
"155","Yes","Second","Female",13,19.5,"Southampton","Miss",1,0,1,2,1,3,2
"156","No","Third","Male",43,6.45,"Southampton","Mr",0,0,0,3,2,3,3
"157","No","Second","Male",70,10.5,"Southampton","Mr",0,0,0,2,2,3,3
"158","No","Second","Male",30,13,"Southampton","Mr",0,0,0,2,2,3,3
"159","Yes","First","Female",58,512.3292,"Cherbourg","Mrs",1,3,1,1,1,1,4
"160","No","Second","Male",23,13,"Southampton","Mr",0,0,0,2,2,3,3
"161","No","Third","Male",33,8.05,"Southampton","Mr",0,0,0,3,2,3,3
"162","No","Third","Male",26,7.8958,"Southampton","Mr",0,0,0,3,2,3,3
"163","Yes","Third","Female",22,7.7875,"Queenstown","Miss",0,0,1,3,1,2,2
"164","No","Third","Male",28,7.8958,"Southampton","Mr",0,0,0,3,2,3,3
"165","No","Second","Female",18,13,"Southampton","Miss",2,0,0,2,1,3,2
"166","Yes","First","Female",44,57.9792,"Cherbourg","Mrs",1,1,1,1,1,1,4
"167","No","Third","Male",35,7.05,"Southampton","Mr",0,0,0,3,2,3,3
"168","No","Third","Male",30,7.25,"Southampton","Mr",0,0,0,3,2,3,3
"169","No","Third","Male",25,7.05,"Southampton","Mr",0,0,0,3,2,3,3
"170","Yes","First","Female",27,247.5208,"Cherbourg","Mrs",2,2,1,1,1,1,4
"171","Yes","First","Female",25,55.4417,"Cherbourg","Mrs",1,1,1,1,1,1,4
"172","No","First","Male",28,82.1708,"Cherbourg","Mr",1,0,0,1,2,1,3
"173","No","Third","Male",33,7.8958,"Southampton","Mr",0,0,0,3,2,3,3
"174","Yes","Second","Male",30,12.7375,"Cherbourg","Mr",0,0,1,2,2,1,3
"175","No","First","Male",56,31,"Southampton","Mr",0,0,0,1,2,3,3
"176","No","Third","Female",17,14.4583,"Cherbourg","Mrs",1,0,0,3,1,1,4
"177","No","Second","Female",38,13,"Southampton","Miss",0,0,0,2,1,3,2
"178","No","Third","Male",33,7.8958,"Cherbourg","Mr",0,0,0,3,2,1,3
"179","No","Third","Male",60.5,39.6,"Southampton","Mr",0,0,0,3,2,3,3
"180","No","Second","Male",19,10.5,"Southampton","Mr",0,0,0,2,2,3,3
"181","Yes","Second","Female",30,12.35,"Queenstown","Miss",0,0,1,2,1,2,2
"182","Yes","Second","Female",55,16,"Southampton","Mrs",0,0,1,2,1,3,4
"183","Yes","Second","Female",12,39,"Southampton","Miss",3,1,1,2,1,3,2
"184","No","Third","Male",30,7.55,"Southampton","Mr",0,0,0,3,2,3,3
"185","No","Third","Male",24,8.05,"Southampton","Mr",0,0,0,3,2,3,3
"186","No","Second","Male",25,10.5,"Southampton","Mr",0,0,0,2,2,3,3
"187","No","Third","Female",25,7.55,"Southampton","Miss",0,0,0,3,1,3,2
"188","No","Third","Male",21,7.8958,"Southampton","Mr",0,0,0,3,2,3,3
"189","No","Third","Female",10,23.45,"Southampton","Mrs",3,0,0,3,1,3,4
"190","No","Third","Male",17,8.6625,"Southampton","Mr",0,0,0,3,2,3,3
"191","No","Third","Male",31,7.775,"Southampton","Mr",0,0,0,3,2,3,3
"192","No","Third","Male",26,7.8542,"Southampton","Mr",1,0,0,3,2,3,3
"193","No","Third","Male",24,9.325,"Southampton","Mr",0,0,0,3,2,3,3
"194","No","Third","Male",23,9.225,"Southampton","Mr",0,0,0,3,2,3,3
"195","No","Second","Male",42,13,"Southampton","Rare",0,0,0,2,2,3,5
"196","No","Third","Male",30,7.8958,"Cherbourg","Mr",0,0,0,3,2,1,3
"197","No","Third","Male",24,24.15,"Southampton","Mr",2,0,0,3,2,3,3
"198","No","Third","Male",39,7.2292,"Cherbourg","Mr",2,0,0,3,2,1,3
"199","No","Second","Male",32,13.5,"Southampton","Mr",0,0,0,2,2,3,3
"200","No","Third","Male",24,7.7958,"Southampton","Mr",0,0,0,3,2,3,3
"201","No","Third","Female",48,34.375,"Southampton","Mrs",4,0,0,3,1,3,4
"202","Yes","Third","Male",25,7.7958,"Southampton","Mr",0,0,1,3,2,3,3
"203","Yes","Second","Female",42,26,"Southampton","Mrs",1,0,1,2,1,3,4
"204","No","Second","Male",33,12.275,"Southampton","Mr",0,0,0,2,2,3,3
"205","Yes","Second","Female",30,13,"Southampton","Miss",0,0,1,2,1,3,2
"206","Yes","Third","Male",26,23.25,"Queenstown","Mr",2,0,1,3,2,2,3
"207","No","Third","Female",18,6.75,"Queenstown","Miss",0,0,0,3,1,2,2
"208","No","Third","Female",22,39.6875,"Southampton","Miss",0,0,0,3,1,3,2
"209","Yes","First","Female",33,53.1,"Southampton","Mrs",1,1,1,1,1,3,4
"210","Yes","Third","Female",31,8.6833,"Southampton","Mrs",0,0,1,3,1,3,4
"211","No","Third","Male",7,29.125,"Queenstown","Master",5,0,0,3,2,2,1
"212","Yes","Third","Male",20,7.925,"Southampton","Mr",0,0,1,3,2,3,3
"213","No","Third","Female",9,69.55,"Southampton","Miss",10,0,0,3,1,3,2
"214","No","Third","Male",17,21.6792,"Cherbourg","Mr",2,0,0,3,2,1,3
"215","No","First","Male",42,26.55,"Southampton","Mr",0,1,0,1,2,3,3
"216","Yes","Second","Female",36,26,"Southampton","Mrs",1,0,1,2,1,3,4
"217","Yes","Third","Female",14,11.2417,"Cherbourg","Miss",1,0,1,3,1,1,2
"218","Yes","First","Male",80,30,"Southampton","Mr",0,1,1,1,2,3,3
"219","Yes","First","Male",36,120,"Southampton","Mr",3,2,1,1,2,3,3
"220","No","Third","Male",18,7.775,"Southampton","Mr",0,0,0,3,2,3,3
"221","Yes","Second","Female",35,21,"Southampton","Miss",0,0,1,2,1,3,2
"222","Yes","Third","Female",17,7.925,"Southampton","Miss",6,0,1,3,1,3,2
"223","No","Third","Female",30.5,7.75,"Queenstown","Miss",0,0,0,3,1,2,2
"224","No","Third","Female",25,7.925,"Southampton","Miss",1,0,0,3,1,3,2
"225","No","Third","Male",26,7.8958,"Southampton","Mr",0,0,0,3,2,3,3
"226","No","Third","Female",41,39.6875,"Southampton","Mrs",5,0,0,3,1,3,4
"227","No","Third","Male",1,46.9,"Southampton","Master",7,0,0,3,2,3,1
"228","Yes","First","Female",30,106.425,"Cherbourg","Miss",0,0,1,1,1,1,2
"229","No","Third","Male",21,8.05,"Southampton","Mr",0,0,0,3,2,3,3
"230","No","Second","Male",35,12.35,"Queenstown","Mr",0,0,0,2,2,2,3
"231","No","Second","Female",57,10.5,"Southampton","Mrs",0,1,0,2,1,3,4
"232","No","Third","Male",33,8.7125,"Cherbourg","Mr",0,0,0,3,2,1,3
"233","No","Third","Male",30,7.25,"Southampton","Mr",0,0,0,3,2,3,3
"234","No","Third","Male",16,9.2167,"Southampton","Mr",0,0,0,3,2,3,3
"235","Yes","Third","Female",22,7.75,"Queenstown","Miss",0,0,1,3,1,2,2
"236","No","Third","Male",30,7.8958,"Southampton","Mr",0,0,0,3,2,3,3
"237","No","Third","Male",26.5,7.225,"Cherbourg","Mr",0,0,0,3,2,1,3
"238","Yes","Third","Male",12,15.2458,"Cherbourg","Master",2,0,1,3,2,1,1
"239","No","Third","Male",30,7.25,"Southampton","Mr",0,0,0,3,2,3,3
"240","No","Third","Male",25,7.7375,"Queenstown","Mr",0,0,0,3,2,2,3
"241","No","Third","Female",22,9.8375,"Southampton","Miss",0,0,0,3,1,3,2
"242","No","Third","Male",26,7.8792,"Queenstown","Mr",0,0,0,3,2,2,3
"243","No","First","Male",19,263,"Southampton","Mr",5,3,0,1,2,3,3
"244","Yes","First","Female",23,263,"Southampton","Miss",5,3,1,1,1,3,2
"245","Yes","Third","Female",38,31.3875,"Southampton","Mrs",6,0,1,3,1,3,4
"246","No","Third","Female",30,24.15,"Southampton","Mrs",2,0,0,3,1,3,4
"247","Yes","Second","Male",22,13.8625,"Cherbourg","Mr",0,0,1,2,2,1,3
"248","No","First","Male",40,30.6958,"Cherbourg","Mr",0,0,0,1,2,1,3
"249","No","Third","Male",26,7.8792,"Southampton","Mr",0,0,0,3,2,3,3
"250","Yes","Third","Female",13,7.2292,"Cherbourg","Miss",0,0,1,3,1,1,2
"251","No","Third","Male",32,7.75,"Queenstown","Mr",0,0,0,3,2,2,3
"252","No","Third","Female",20,7.8542,"Southampton","Miss",0,0,0,3,1,3,2
"253","No","First","Male",70,71,"Southampton","Rare",2,1,0,1,2,3,5
"254","No","Third","Female",22,8.6625,"Southampton","Miss",2,0,0,3,1,3,2
"255","No","Third","Male",24,7.25,"Queenstown","Mr",0,0,0,3,2,2,3
"256","Yes","First","Male",36,26.2875,"Southampton","Mr",0,1,1,1,2,3,3
"257","No","Second","Male",26,13,"Southampton","Mr",0,0,0,2,2,3,3
"258","No","Second","Female",30,13,"Southampton","Mrs",0,0,0,2,1,3,4
"259","Yes","Third","Female",24,16.7,"Southampton","Mrs",2,1,1,3,1,3,4
"260","Yes","First","Female",18,60,"Southampton","Mrs",1,1,1,1,1,3,4
"261","No","Third","Male",28,7.7958,"Southampton","Mr",0,0,0,3,2,3,3
"262","Yes","Third","Female",19,15.7417,"Cherbourg","Mrs",2,0,1,3,1,1,4
"263","No","Third","Male",20,8.05,"Southampton","Mr",0,0,0,3,2,3,3
"264","No","First","Male",21,77.2875,"Southampton","Mr",1,1,0,1,2,3,3
"265","No","Third","Male",10,27.9,"Southampton","Master",5,0,0,3,2,3,1
"266","No","Third","Female",30.5,7.75,"Queenstown","Miss",2,0,0,3,1,2,2
"267","No","Second","Male",44,26,"Southampton","Mr",1,0,0,2,2,3,3
"268","Yes","Second","Female",32.5,13,"Southampton","Miss",0,1,1,2,1,3,2
"269","Yes","Third","Male",31,7.75,"Queenstown","Mr",0,0,1,3,2,2,3
"270","Yes","First","Female",55,25.7,"Southampton","Mrs",2,1,1,1,1,3,4
"271","Yes","Second","Female",54,23,"Southampton","Mrs",4,0,1,2,1,3,4
"272","No","Third","Male",26,7.8958,"Southampton","Mr",0,0,0,3,2,3,3
"273","No","Third","Male",29,7.775,"Southampton","Mr",0,0,0,3,2,3,3
"274","No","Third","Male",20,4.0125,"Cherbourg","Mr",0,0,0,3,2,1,3
"275","Yes","First","Female",30,27.7208,"Cherbourg","Mrs",0,0,1,1,1,1,4
"276","No","Third","Male",22,7.7958,"Southampton","Mr",0,0,0,3,2,3,3
"277","No","Third","Male",26,7.8958,"Southampton","Mr",0,0,0,3,2,3,3
"278","Yes","First","Female",19,26.2833,"Southampton","Miss",2,1,1,1,1,3,2
"279","Yes","Third","Female",24,16.1,"Southampton","Mrs",1,0,1,3,1,3,4
"280","No","Third","Male",22,7.8958,"Southampton","Mr",0,0,0,3,2,3,3
"281","No","Second","Male",62,9.6875,"Queenstown","Mr",0,0,0,2,2,2,3
"282","No","Third","Male",24,9.5,"Southampton","Mr",0,0,0,3,2,3,3
"283","Yes","First","Female",38,80,"Cherbourg","Miss",0,1,1,1,1,1,2
"284","No","Third","Female",37,7.75,"Queenstown","Miss",0,0,0,3,1,2,2
"285","Yes","Third","Female",0.75,19.2583,"Cherbourg","Miss",3,0,1,3,1,1,2
"286","Yes","Third","Male",21,7.7958,"Southampton","Mr",0,0,1,3,2,3,3
"287","Yes","Third","Female",22,7.75,"Queenstown","Miss",0,0,1,3,1,2,2
"288","No","Second","Male",52,13.5,"Southampton","Mr",0,0,0,2,2,3,3
"289","Yes","Third","Male",21,7.7958,"Southampton","Mr",0,0,1,3,2,3,3
"290","No","Second","Female",60,26,"Southampton","Mrs",1,0,0,2,1,3,4
"291","No","Second","Male",39,13,"Southampton","Mr",0,0,0,2,2,3,3
"292","No","Third","Male",32,7.75,"Queenstown","Mr",0,0,0,3,2,2,3
"293","No","Third","Male",26,8.05,"Southampton","Mr",0,0,0,3,2,3,3
"294","Yes","Second","Female",8,26.25,"Southampton","Miss",2,0,1,2,1,3,2
"295","No","Third","Female",14,7.8542,"Southampton","Miss",0,0,0,3,1,3,2
"296","Yes","Third","Female",18,7.775,"Southampton","Miss",0,0,1,3,1,3,2
"297","Yes","Second","Female",22,10.5,"Southampton","Mrs",0,1,1,2,1,3,4
"298","Yes","First","Female",24,83.1583,"Cherbourg","Miss",0,1,1,1,1,1,2
"299","No","First","Male",45,26.55,"Southampton","Mr",0,1,0,1,2,3,3
"300","Yes","Second","Male",19,10.5,"Southampton","Mr",0,0,1,2,2,3,3
"301","Yes","First","Female",24,69.3,"Cherbourg","Rare",0,1,1,1,1,1,5
"302","Yes","Third","Female",27,11.1333,"Southampton","Mrs",2,0,1,3,1,3,4
"303","No","Second","Male",31,10.5,"Southampton","Mr",0,0,0,2,2,3,3
"304","No","Second","Male",59,13.5,"Southampton","Mr",0,0,0,2,2,3,3
"305","Yes","First","Female",35,133.65,"Southampton","Mrs",1,0,1,1,1,3,4
"306","No","Third","Male",20,9.225,"Southampton","Mr",0,0,0,3,2,3,3
"307","No","Third","Female",28,7.775,"Southampton","Miss",0,0,0,3,1,3,2
"308","No","First","Male",47,52,"Southampton","Mr",0,1,0,1,2,3,3
"309","No","Third","Male",40.5,7.75,"Queenstown","Mr",0,0,0,3,2,2,3
"310","No","Third","Male",24,7.775,"Southampton","Mr",0,0,0,3,2,3,3
"311","Yes","Second","Female",24,65,"Southampton","Miss",3,0,1,2,1,3,2
"312","No","Third","Female",21,34.375,"Southampton","Miss",4,0,0,3,1,3,2
"313","Yes","Third","Female",22,7.7375,"Queenstown","Miss",0,0,1,3,1,2,2
"314","Yes","Second","Male",32,26,"Southampton","Mr",1,0,1,2,2,3,3
"315","No","First","Male",28.5,27.7208,"Cherbourg","Mr",0,1,0,1,2,1,3
"316","Yes","First","Female",22,55,"Southampton","Miss",1,1,1,1,1,3,2
"317","No","Third","Male",51,7.75,"Southampton","Mr",0,0,0,3,2,3,3
"318","No","Second","Male",28,10.5,"Southampton","Mr",0,0,0,2,2,3,3
"319","No","Third","Male",38,7.8958,"Southampton","Mr",0,0,0,3,2,3,3
"320","No","Third","Male",26,7.8958,"Southampton","Mr",0,0,0,3,2,3,3
"321","No","Third","Male",21,24.15,"Southampton","Mr",2,0,0,3,2,3,3
"322","No","First","Male",24,79.2,"Cherbourg","Mr",0,1,0,1,2,1,3
"323","No","Second","Male",28,0,"Southampton","Mr",0,0,0,2,2,3,3
"324","Yes","Third","Male",20,15.7417,"Cherbourg","Mr",2,0,1,3,2,1,3
"325","Yes","Third","Female",38,7.2292,"Cherbourg","Mrs",0,0,1,3,1,1,4
"326","No","Third","Male",26,8.05,"Southampton","Mr",0,0,0,3,2,3,3
"327","Yes","Second","Female",28,12.65,"Southampton","Mrs",0,0,1,2,1,3,4
"328","Yes","Third","Male",0.8333,9.35,"Southampton","Master",1,0,1,3,2,3,1
"329","No","Third","Male",27,7.8958,"Southampton","Mr",0,0,0,3,2,3,3
"330","No","Third","Male",28,7.8958,"Southampton","Mr",0,0,0,3,2,3,3
"331","No","Second","Male",35,26,"Southampton","Mr",0,0,0,2,2,3,3
"332","Yes","Second","Female",22,29,"Southampton","Mrs",2,0,1,2,1,3,4
"333","No","Second","Male",24,13,"Southampton","Mr",0,0,0,2,2,3,3
"334","No","Third","Male",31,15.5,"Queenstown","Mr",0,0,0,3,2,2,3
"335","Yes","First","Female",76,78.85,"Southampton","Mrs",1,1,1,1,1,3,4
"336","No","Third","Male",21,7.8542,"Southampton","Mr",0,0,0,3,2,3,3
"337","No","Third","Male",26,8.05,"Southampton","Mr",0,0,0,3,2,3,3
"338","No","Second","Male",32,13,"Southampton","Mr",0,0,0,2,2,3,3
"339","No","Third","Male",26,7.8958,"Southampton","Mr",0,0,0,3,2,3,3
"340","No","Third","Female",17,14.4583,"Cherbourg","Miss",0,0,0,3,1,1,2
"341","Yes","Third","Female",22,7.75,"Queenstown","Miss",0,0,1,3,1,2,2
"342","No","Third","Male",27,7.8958,"Southampton","Mr",0,0,0,3,2,3,3
"343","No","Third","Female",28,7.8958,"Southampton","Miss",0,0,0,3,1,3,2
"344","Yes","First","Male",52,30.5,"Southampton","Rare",0,1,1,1,2,3,5
"345","Yes","First","Male",49,56.9292,"Cherbourg","Rare",1,1,1,1,2,1,5
"346","No","Third","Male",32,7.75,"Queenstown","Mr",0,0,0,3,2,2,3
"347","Yes","Third","Female",17,16.1,"Southampton","Miss",1,0,1,3,1,3,2
"348","No","Third","Male",24,8.6625,"Southampton","Mr",0,0,0,3,2,3,3
"349","No","Third","Male",36,7.4958,"Southampton","Mr",0,0,0,3,2,3,3
"350","No","Third","Male",25,7,"Southampton","Mr",0,0,0,3,2,3,3
"351","Yes","Third","Female",26,22.025,"Southampton","Mrs",2,0,1,3,1,3,4
"352","No","Third","Male",44,8.05,"Southampton","Mr",0,0,0,3,2,3,3
"353","Yes","Third","Male",3,15.9,"Southampton","Master",2,0,1,3,2,3,1
"354","No","Third","Male",26,8.05,"Southampton","Mr",0,0,0,3,2,3,3
"355","No","Third","Female",6,25.4667,"Southampton","Miss",4,0,0,3,1,3,2
"356","No","Third","Male",18,34.375,"Southampton","Mr",4,0,0,3,2,3,3
"357","No","Second","Male",23,11.5,"Southampton","Mr",3,0,0,2,2,3,3
"358","Yes","First","Male",37,52.5542,"Southampton","Mr",2,1,1,1,2,3,3
"359","Yes","First","Female",29,211.3375,"Southampton","Miss",0,1,1,1,1,3,2
"360","Yes","First","Female",53,51.4792,"Southampton","Mrs",2,1,1,1,1,3,4
"361","No","Second","Male",21,13,"Southampton","Mr",0,0,0,2,2,3,3
"362","No","Third","Male",28,16.1,"Southampton","Mr",1,0,0,3,2,3,3
"363","No","Third","Female",40,9.475,"Southampton","Mrs",1,0,0,3,1,3,4
"364","No","Second","Male",61,12.35,"Queenstown","Mr",0,0,0,2,2,2,3
"365","No","Third","Male",28,9.5,"Southampton","Mr",0,0,0,3,2,3,3
"366","Yes","Third","Female",4,22.025,"Southampton","Miss",2,0,1,3,1,3,2
"367","Yes","First","Female",41,134.5,"Cherbourg","Miss",0,1,1,1,1,1,2
"368","No","Third","Female",29,10.4625,"Southampton","Mrs",2,1,0,3,1,3,4
"369","No","Third","Female",18,18,"Southampton","Miss",2,0,0,3,1,3,2
"370","No","Second","Male",39,13,"Southampton","Mr",0,0,0,2,2,3,3
"371","No","Third","Female",41,25.4667,"Southampton","Mrs",4,0,0,3,1,3,4
"372","Yes","Second","Female",45,30,"Southampton","Mrs",2,0,1,2,1,3,4
"373","Yes","First","Male",6,134.5,"Cherbourg","Master",2,1,1,1,2,1,1
"374","Yes","Third","Female",22,13.9,"Southampton","Mrs",1,0,1,3,1,3,4
"375","Yes","First","Male",50,133.65,"Southampton","Rare",2,0,1,1,2,3,5
"376","Yes","First","Male",11,120,"Southampton","Master",3,2,1,1,2,3,1
"377","Yes","Second","Female",27,13.8583,"Cherbourg","Miss",1,0,1,2,1,1,2
"378","Yes","Third","Female",1,16.7,"Southampton","Miss",2,1,1,3,1,3,2
"379","Yes","Third","Male",31,7.925,"Southampton","Mr",0,0,1,3,2,3,3
"380","No","Third","Male",25,7.775,"Southampton","Mr",1,0,0,3,2,3,3
"381","No","First","Male",38,153.4625,"Southampton","Mr",1,1,0,1,2,3,3
"382","Yes","Second","Female",34,10.5,"Southampton","Mrs",0,1,1,2,1,3,4
"383","No","Third","Male",18,8.6625,"Southampton","Mr",0,0,0,3,2,3,3
"384","No","Third","Female",9,69.55,"Southampton","Miss",10,0,0,3,1,3,2
"385","Yes","First","Female",40,153.4625,"Southampton","Miss",0,1,1,1,1,3,2
"386","Yes","Third","Female",16,23.25,"Queenstown","Miss",2,0,1,3,1,2,2
"387","Yes","Third","Male",32,7.8875,"Southampton","Mr",0,0,1,3,2,3,3
"388","No","Third","Male",31,7.8292,"Queenstown","Mr",0,0,0,3,2,2,3
"389","No","Third","Male",21,7.7333,"Queenstown","Mr",0,0,0,3,2,2,3
"390","No","Second","Male",21,11.5,"Southampton","Mr",1,0,0,2,2,3,3
"391","Yes","Second","Female",30,12.35,"Queenstown","Miss",0,1,1,2,1,2,2
"392","No","Second","Male",27,15.5792,"Cherbourg","Mr",0,0,0,2,2,1,3
"393","No","Second","Male",39,26,"Southampton","Mr",0,0,0,2,2,3,3
"394","No","Third","Male",33,7.8542,"Southampton","Mr",0,0,0,3,2,3,3
"395","Yes","Third","Male",36.5,17.4,"Southampton","Mr",1,0,1,3,2,3,3
"396","No","Second","Female",24,13,"Southampton","Miss",0,0,0,2,1,3,2
"397","No","Third","Male",26,14.4542,"Cherbourg","Mr",1,0,0,3,2,1,3
"398","Yes","Second","Male",0.6667,14.5,"Southampton","Master",2,0,1,2,2,3,1
"399","No","Third","Male",27,14.4542,"Cherbourg","Mr",1,0,0,3,2,1,3
"400","Yes","Third","Female",4,16.7,"Southampton","Miss",2,1,1,3,1,3,2
"401","No","Third","Female",43,69.55,"Southampton","Mrs",10,0,0,3,1,3,4
"402","Yes","First","Male",31,28.5375,"Cherbourg","Mr",0,1,1,1,2,1,3
"403","Yes","Third","Female",47,7,"Southampton","Mrs",1,0,1,3,1,3,4
"404","No","Third","Male",32,7.75,"Queenstown","Mr",1,0,0,3,2,2,3
"405","No","First","Male",33,5,"Southampton","Mr",0,3,0,1,2,3,3
"406","Yes","Third","Female",16,15.5,"Queenstown","Miss",1,0,1,3,1,2,2
"407","Yes","First","Male",45,134.5,"Cherbourg","Mr",2,1,1,1,2,1,3
"408","Yes","First","Female",30,31,"Cherbourg","Miss",0,0,1,1,1,1,2
"409","No","Third","Male",17,8.05,"Southampton","Mr",2,0,0,3,2,3,3
"410","No","Third","Male",21,7.8,"Southampton","Mr",0,0,0,3,2,3,3
"411","Yes","Second","Female",28,13,"Southampton","Rare",0,0,1,2,1,3,5
"412","Yes","First","Female",35,90,"Southampton","Mrs",1,1,1,1,1,3,4
"413","Yes","First","Female",30,93.5,"Southampton","Miss",0,1,1,1,1,3,2
"414","Yes","Third","Male",25,7.65,"Southampton","Mr",0,2,1,3,2,3,3
"415","No","First","Male",24,60,"Southampton","Mr",1,1,0,1,2,3,3
"416","No","First","Male",28,47.1,"Southampton","Mr",0,0,0,1,2,3,3
"417","No","Third","Male",28,7.25,"Southampton","Mr",0,0,0,3,2,3,3
"418","Yes","Third","Male",19,8.05,"Southampton","Mr",0,0,1,3,2,3,3
"419","Yes","First","Female",35,135.6333,"Southampton","Miss",0,1,1,1,1,3,2
"420","Yes","Third","Female",16,7.7333,"Queenstown","Miss",0,0,1,3,1,2,2
"421","Yes","First","Female",26,78.85,"Southampton","Miss",0,0,1,1,1,3,2
"422","Yes","First","Female",56,83.1583,"Cherbourg","Mrs",1,1,1,1,1,1,4
"423","Yes","First","Male",27,76.7292,"Cherbourg","Mr",0,1,1,1,2,1,3
"424","No","Third","Male",43,8.05,"Southampton","Mr",0,0,0,3,2,3,3
"425","No","First","Male",65,61.9792,"Cherbourg","Mr",1,1,0,1,2,1,3
"426","No","Third","Male",32,7.75,"Queenstown","Mr",0,0,0,3,2,2,3
"427","Yes","First","Female",19,91.0792,"Cherbourg","Mrs",1,1,1,1,1,1,4
"428","Yes","Second","Female",4,39,"Southampton","Miss",3,1,1,2,1,3,2
"429","No","First","Male",37,83.1583,"Cherbourg","Mr",2,1,0,1,2,1,3
"430","No","Third","Male",11,69.55,"Southampton","Mr",10,0,0,3,2,3,3
"431","Yes","Second","Female",40,15.75,"Southampton","Mrs",0,0,1,2,1,3,4
"432","Yes","Second","Female",25,26,"Southampton","Mrs",1,0,1,2,1,3,4
"433","No","Third","Male",22,7.25,"Southampton","Mr",0,0,0,3,2,3,3
"434","Yes","First","Female",35,83.475,"Southampton","Mrs",1,1,1,1,1,3,4
"435","No","First","Male",51,61.3792,"Cherbourg","Mr",1,0,0,1,2,1,3
"436","No","Third","Male",19,7.65,"Southampton","Mr",0,2,0,3,2,3,3
"437","No","Third","Male",31,15.5,"Queenstown","Mr",1,0,0,3,2,2,3
"438","No","Third","Male",22.5,7.225,"Cherbourg","Mr",0,0,0,3,2,1,3
"439","Yes","Second","Male",22,10.5,"Southampton","Mr",0,0,1,2,2,3,3
"440","No","First","Male",46,39.6,"Cherbourg","Rare",0,0,0,1,2,1,5
"441","Yes","Third","Female",18,7.2292,"Cherbourg","Mrs",0,0,1,3,1,1,4
"442","No","Third","Female",39,29.125,"Queenstown","Mrs",5,0,0,3,1,2,4
"443","Yes","Second","Female",17,12,"Cherbourg","Miss",0,0,1,2,1,1,2
"444","Yes","Third","Male",44,7.925,"Southampton","Mr",0,0,1,3,2,3,3
"445","No","Third","Male",42,8.6625,"Southampton","Mr",0,0,0,3,2,3,3
"446","No","Second","Male",52,13,"Southampton","Mr",0,0,0,2,2,3,3
"447","Yes","First","Male",51,26.55,"Southampton","Mr",0,1,1,1,2,3,3
"448","No","Third","Male",22,7.8958,"Southampton","Mr",0,0,0,3,2,3,3
"449","Yes","First","Male",25,91.0792,"Cherbourg","Mr",1,1,1,1,2,1,3
"450","No","Third","Male",19,10.1708,"Southampton","Mr",0,0,0,3,2,3,3
"451","No","Third","Male",22.5,7.225,"Cherbourg","Mr",0,0,0,3,2,1,3
"452","No","Third","Male",32,7.75,"Queenstown","Mr",0,1,0,3,2,2,3
"453","No","Second","Male",38,21,"Southampton","Mr",1,0,0,2,2,3,3
"454","No","Second","Male",27,13,"Southampton","Rare",0,0,0,2,2,3,5
"455","Yes","Second","Male",62,10.5,"Southampton","Mr",0,0,1,2,2,3,3
"456","No","Second","Male",25,13,"Southampton","Mr",0,0,0,2,2,3,3
"457","No","Third","Male",17,8.6625,"Southampton","Mr",0,0,0,3,2,3,3
"458","No","Third","Male",34,14.4,"Southampton","Mr",2,0,0,3,2,3,3
"459","Yes","First","Female",47,61.175,"Southampton","Mrs",1,1,1,1,1,3,4
"460","No","First","Female",25,151.55,"Southampton","Mrs",3,2,0,1,1,3,4
"461","No","Third","Male",25,7.7292,"Queenstown","Mr",0,0,0,3,2,2,3
"462","No","Third","Male",30,7.225,"Cherbourg","Mr",0,0,0,3,2,1,3
"463","No","Third","Male",28.5,15.1,"Southampton","Mr",0,0,0,3,2,3,3
"464","No","Third","Male",24,7.55,"Southampton","Mr",0,0,0,3,2,3,3
"465","No","Third","Male",26,8.05,"Southampton","Mr",0,0,0,3,2,3,3
"466","No","Third","Male",39,24.15,"Southampton","Mr",0,0,0,3,2,3,3
"467","No","Second","Male",24,31.5,"Southampton","Mr",2,0,0,2,2,3,3
"468","Yes","First","Female",55,135.6333,"Cherbourg","Mrs",0,1,1,1,1,1,4
"469","Yes","First","Female",58,146.5208,"Cherbourg","Miss",0,1,1,1,1,1,2
"470","No","Third","Male",26,8.05,"Southampton","Mr",0,0,0,3,2,3,3
"471","Yes","Second","Female",33,27.75,"Southampton","Mrs",3,0,1,2,1,3,4
"472","No","Third","Male",40,15.5,"Queenstown","Mr",2,0,0,3,2,2,3
"473","Yes","Second","Female",24,65,"Southampton","Miss",3,0,1,2,1,3,2
"474","No","First","Male",47,26,"Southampton","Mr",0,1,0,1,2,3,3
"475","Yes","Third","Female",21,7.65,"Southampton","Miss",0,0,1,3,1,3,2
"476","No","Third","Male",6,21.075,"Southampton","Master",4,0,0,3,2,3,1
"477","Yes","First","Male",40,31,"Cherbourg","Mr",0,1,1,1,2,1,3
"478","Yes","Third","Female",1,11.1333,"Southampton","Miss",2,0,1,3,1,3,2
"479","No","First","Male",23,93.5,"Southampton","Mr",0,1,0,1,2,3,3
"480","Yes","Third","Female",19,7.8792,"Queenstown","Miss",0,0,1,3,1,2,2
"481","No","First","Male",27,136.7792,"Cherbourg","Mr",1,1,0,1,2,1,3
"482","No","Third","Female",26,13.775,"Southampton","Mrs",2,0,0,3,1,3,4
"483","No","First","Male",55,30.5,"Southampton","Mr",0,1,0,1,2,3,3
"484","No","Second","Male",23,13,"Southampton","Mr",0,0,0,2,2,3,3
"485","Yes","Second","Female",6,33,"Southampton","Miss",1,0,1,2,1,3,2
"486","Yes","Second","Male",8,36.75,"Southampton","Master",2,0,1,2,2,3,1
"487","Yes","First","Female",55,27.7208,"Cherbourg","Mrs",0,0,1,1,1,1,4
"488","Yes","First","Female",54,78.2667,"Cherbourg","Miss",1,1,1,1,1,1,2
"489","Yes","First","Male",48,30.5,"Southampton","Mr",0,1,1,1,2,3,3
"490","Yes","First","Female",21,26.55,"Southampton","Miss",0,0,1,1,1,3,2
"491","Yes","First","Female",45,63.3583,"Cherbourg","Mrs",1,2,1,1,1,1,4
"492","No","Second","Male",18,11.5,"Southampton","Mr",0,0,0,2,2,3,3
"493","Yes","Second","Female",24,26,"Southampton","Mrs",1,0,1,2,1,3,4
"494","No","Third","Male",22,7.7958,"Southampton","Mr",0,0,0,3,2,3,3
"495","Yes","Third","Male",39,13.4167,"Cherbourg","Mr",1,0,1,3,2,1,3
"496","Yes","First","Female",33,86.5,"Southampton","Rare",0,1,1,1,1,3,5
"497","Yes","Third","Female",19,7.8792,"Queenstown","Miss",0,0,1,3,1,2,2
"498","No","Second","Male",19,36.75,"Southampton","Mr",2,0,0,2,2,3,3
"499","No","Second","Male",50,26,"Southampton","Mr",1,0,0,2,2,3,3
"500","Yes","First","Male",36,512.3292,"Cherbourg","Mr",1,3,1,1,2,1,3
"501","Yes","First","Female",64,26.55,"Southampton","Mrs",2,1,1,1,1,3,4
"502","Yes","Second","Female",19,26,"Southampton","Mrs",1,0,1,2,1,3,4
"503","No","Third","Male",31,18,"Southampton","Mr",3,0,0,3,2,3,3
"504","No","Third","Male",28,15.85,"Southampton","Mr",1,0,0,3,2,3,3
"505","Yes","Third","Male",21,7.8208,"Queenstown","Mr",0,0,1,3,2,2,3
"506","No","Second","Male",23,10.5,"Southampton","Rare",0,0,0,2,2,3,5
"507","No","First","Male",38,221.7792,"Southampton","Mr",0,1,0,1,2,3,3
"508","Yes","First","Female",52,78.2667,"Cherbourg","Mrs",1,1,1,1,1,1,4
"509","Yes","Second","Male",2,26,"Southampton","Master",2,1,1,2,2,3,1
"510","No","Third","Male",28,9.5,"Southampton","Mr",0,0,0,3,2,3,3
"511","No","First","Male",47,42.4,"Southampton","Mr",0,0,0,1,2,3,3
"512","No","Third","Female",23,7.925,"Southampton","Miss",0,0,0,3,1,3,2
"513","No","Second","Male",36,13,"Southampton","Mr",0,0,0,2,2,3,3
"514","No","Third","Female",27,15.5,"Queenstown","Miss",1,0,0,3,1,2,2
"515","Yes","First","Male",34,39.6,"Southampton","Mr",0,0,1,1,2,3,3
"516","Yes","Second","Female",2,26,"Southampton","Miss",2,0,1,2,1,3,2
"517","No","First","Male",57,146.5208,"Cherbourg","Mr",1,1,0,1,2,1,3
"518","No","Second","Female",44,26,"Southampton","Mrs",1,0,0,2,1,3,4
"519","No","Second","Male",35,10.5,"Southampton","Mr",0,0,0,2,2,3,3
"520","No","Third","Male",26,20.575,"Southampton","Mr",3,0,0,3,2,3,3
"521","Yes","First","Male",35,26.2875,"Southampton","Mr",0,1,1,1,2,3,3
"522","No","Third","Male",18,8.3,"Southampton","Mr",0,0,0,3,2,3,3
"523","No","Third","Male",32,7.75,"Queenstown","Mr",0,0,0,3,2,2,3
"524","No","First","Male",42,52,"Southampton","Mr",1,0,0,1,2,3,3
"525","Yes","Third","Male",32,56.4958,"Southampton","Mr",0,0,1,3,2,3,3
"526","No","First","Male",55,59.4,"Cherbourg","Mr",1,0,0,1,2,1,3
"527","No","Third","Male",30,7.8958,"Cherbourg","Mr",0,0,0,3,2,1,3
"528","No","Second","Female",29,26,"Southampton","Mrs",1,0,0,2,1,3,4
"529","No","Third","Male",23.5,7.2292,"Cherbourg","Mr",0,2,0,3,2,1,3
"530","No","Third","Male",24,6.95,"Queenstown","Mr",0,0,0,3,2,2,3
"531","Yes","Third","Female",5,19.2583,"Cherbourg","Miss",3,0,1,3,1,1,2
"532","No","Second","Male",24,73.5,"Southampton","Mr",2,0,0,2,2,3,3
"533","No","Third","Male",32,7.75,"Queenstown","Mr",0,0,0,3,2,2,3
"534","No","Second","Male",27,26,"Southampton","Mr",1,0,0,2,2,3,3
"535","Yes","Third","Male",26,18.7875,"Cherbourg","Mr",0,0,1,3,2,1,3
"536","No","Third","Male",32,7.75,"Queenstown","Mr",0,0,0,3,2,2,3
"537","No","Second","Male",21,73.5,"Southampton","Mr",0,0,0,2,2,3,3
"538","No","Third","Male",70.5,7.75,"Queenstown","Mr",0,0,0,3,2,2,3
"539","No","Third","Female",38,7.775,"Southampton","Miss",6,0,0,3,1,3,2
"540","Yes","First","Female",32,76.2917,"Cherbourg","Miss",0,1,1,1,1,1,2
"541","Yes","Third","Male",26,56.4958,"Southampton","Mr",0,0,1,3,2,3,3
"542","No","First","Male",31,52,"Southampton","Mr",1,1,0,1,2,3,3
"543","No","First","Male",40,227.525,"Cherbourg","Mr",0,0,0,1,2,1,3
"544","No","Third","Female",18.5,7.2833,"Queenstown","Miss",0,0,0,3,1,2,2
"545","No","Second","Male",28,26,"Southampton","Mr",0,0,0,2,2,3,3
"546","No","Third","Male",17,8.6625,"Southampton","Mr",0,0,0,3,2,3,3
"547","Yes","Second","Female",0.9167,27.75,"Southampton","Miss",3,0,1,2,1,3,2
"548","No","Third","Male",23.5,7.2292,"Cherbourg","Mr",0,0,0,3,2,1,3
"549","No","Third","Male",26,7.775,"Southampton","Mr",0,0,0,3,2,3,3
"550","Yes","First","Female",19,30,"Southampton","Miss",0,1,1,1,1,3,2
"551","No","Second","Male",36,12.875,"Cherbourg","Mr",0,1,0,2,2,1,3
"552","No","Second","Male",23,15.0458,"Cherbourg","Mr",0,0,0,2,2,1,3
"553","No","Second","Male",30,13,"Southampton","Mr",0,0,0,2,2,3,3
"554","Yes","Third","Male",24,7.1417,"Southampton","Mr",0,0,1,3,2,3,3
"555","No","First","Male",33,26.55,"Southampton","Mr",0,0,0,1,2,3,3
"556","No","Third","Male",33,9.5,"Southampton","Mr",0,0,0,3,2,3,3
"557","Yes","First","Female",27,52,"Southampton","Mrs",3,1,1,1,1,3,4
"558","Yes","First","Female",45,82.1708,"Cherbourg","Mrs",1,0,1,1,1,1,4
"559","No","Second","Male",29,27.7208,"Cherbourg","Mr",1,0,0,2,2,1,3
"560","No","Third","Male",24,7.575,"Southampton","Mr",0,0,0,3,2,3,3
"561","No","Third","Male",22.5,7.225,"Cherbourg","Mr",0,0,0,3,2,1,3
"562","Yes","First","Female",21,262.375,"Cherbourg","Miss",4,4,1,1,1,1,2
"563","Yes","Second","Female",26,13.5,"Southampton","Miss",0,0,1,2,1,3,2
"564","No","Third","Male",11,69.55,"Southampton","Mr",10,0,0,3,2,3,3
"565","No","Third","Male",5,31.3875,"Southampton","Master",6,0,0,3,2,3,1
"566","No","Second","Male",47,15,"Southampton","Mr",0,0,0,2,2,3,3
"567","Yes","Third","Female",22,12.2875,"Southampton","Mrs",2,0,1,3,1,3,4
"568","Yes","First","Female",48,79.2,"Cherbourg","Mrs",2,1,1,1,1,1,4
"569","No","Third","Male",26,8.05,"Southampton","Mr",0,0,0,3,2,3,3
"570","Yes","Third","Female",23,7.8542,"Southampton","Miss",0,0,1,3,1,3,2
"571","Yes","First","Male",45,26.55,"Southampton","Mr",0,0,1,1,2,3,3
"572","No","First","Female",2,151.55,"Southampton","Miss",3,2,0,1,1,3,2
"573","Yes","Third","Male",21,7.775,"Southampton","Mr",0,0,1,3,2,3,3
"574","No","Third","Male",26,8.05,"Southampton","Mr",0,0,0,3,2,3,3
"575","No","First","Male",17,47.1,"Southampton","Mr",0,0,0,1,2,3,3
"576","Yes","Second","Male",3,26,"Southampton","Master",2,1,1,2,2,3,1
"577","No","Third","Male",20,8.6625,"Southampton","Mr",0,0,0,3,2,3,3
"578","No","Third","Male",22,7.2292,"Cherbourg","Mr",0,0,0,3,2,1,3
"579","Yes","Third","Female",9,15.2458,"Cherbourg","Miss",2,0,1,3,1,1,2
"580","No","Third","Female",26,16.1,"Southampton","Mrs",1,0,0,3,1,3,4
"581","Yes","Third","Female",23,7.55,"Southampton","Miss",0,0,1,3,1,3,2
"582","Yes","First","Male",25,55.4417,"Cherbourg","Mr",1,1,1,1,2,1,3
"583","Yes","Third","Female",2,12.2875,"Southampton","Miss",1,0,1,3,1,3,2
"584","No","Third","Male",21,7.225,"Cherbourg","Mr",0,0,0,3,2,1,3
"585","Yes","First","Male",32,30.5,"Cherbourg","Rare",0,1,1,1,2,1,5
"586","No","Third","Male",25,7.8958,"Southampton","Mr",0,0,0,3,2,3,3
"587","Yes","First","Male",43,27.7208,"Cherbourg","Mr",1,1,1,1,2,1,3
"588","No","Third","Female",18,7.8792,"Queenstown","Miss",0,0,0,3,1,2,2
"589","No","Second","Male",37,26,"Southampton","Mr",1,0,0,2,2,3,3
"590","No","Third","Female",9,34.375,"Southampton","Miss",4,0,0,3,1,3,2
"591","No","Third","Male",38,8.6625,"Southampton","Mr",0,0,0,3,2,3,3
"592","No","Third","Female",24,8.85,"Southampton","Miss",0,0,0,3,1,3,2
"593","No","Third","Male",26,8.05,"Southampton","Mr",0,0,0,3,2,3,3
"594","Yes","Second","Male",1,37.0042,"Cherbourg","Master",2,0,1,2,2,1,1
"595","No","Second","Male",29,21,"Southampton","Mr",1,0,0,2,2,3,3
"596","Yes","Second","Female",40,13,"Southampton","Miss",0,0,1,2,1,3,2
"597","No","Third","Male",24,7.55,"Southampton","Mr",0,0,0,3,2,3,3
"598","No","First","Male",49,26,"Southampton","Mr",0,0,0,1,2,3,3
"599","No","Third","Female",23,8.6625,"Southampton","Miss",0,0,0,3,1,3,2
"600","No","Third","Male",26,8.05,"Southampton","Mr",0,0,0,3,2,3,3
"601","No","Third","Male",26,23.45,"Southampton","Mr",3,0,0,3,2,3,3
"602","Yes","Second","Male",26,13,"Southampton","Mr",0,0,1,2,2,3,3
"603","No","Third","Male",20,7.8542,"Southampton","Mr",0,0,0,3,2,3,3
"604","No","Third","Male",25,7.05,"Southampton","Mr",0,0,0,3,2,3,3
"605","No","Third","Male",22,9,"Southampton","Mr",0,0,0,3,2,3,3
"606","No","First","Male",29,30,"Southampton","Mr",0,1,0,1,2,3,3
"607","No","First","Male",25,26,"Cherbourg","Mr",0,0,0,1,2,1,3
"608","No","First","Male",30,45.5,"Southampton","Mr",0,0,0,1,2,3,3
"609","No","Third","Male",22.5,7.225,"Cherbourg","Mr",0,0,0,3,2,1,3
"610","No","Third","Male",17,8.6625,"Southampton","Mr",0,0,0,3,2,3,3
"611","No","Second","Male",41,15.0458,"Cherbourg","Mr",0,0,0,2,2,1,3
"612","Yes","Second","Female",29,23,"Southampton","Mrs",2,0,1,2,1,3,4
"613","No","Third","Female",2,10.4625,"Southampton","Miss",1,1,0,3,1,3,2
"614","Yes","First","Male",48,26.55,"Southampton","Mr",0,1,1,1,2,3,3
"615","No","Second","Male",36.5,26,"Southampton","Mr",2,1,0,2,2,3,3
"616","Yes","Third","Male",12,15.2458,"Cherbourg","Master",2,0,1,3,2,1,1
"617","No","Third","Male",18,7.75,"Southampton","Mr",0,0,0,3,2,3,3
"618","No","Second","Male",34,26,"Southampton","Mr",1,0,0,2,2,3,3
"619","Yes","Second","Female",21,10.5,"Southampton","Miss",0,0,1,2,1,3,2
"620","No","Third","Male",11,46.9,"Southampton","Master",7,0,0,3,2,3,1
"621","No","Third","Male",17,8.7125,"Southampton","Mr",0,0,0,3,2,3,3
"622","No","Third","Male",4,29.125,"Queenstown","Master",5,0,0,3,2,2,1
"623","No","Third","Male",23,7.8542,"Southampton","Mr",0,0,0,3,2,3,3
"624","No","Second","Male",57,10.7083,"Queenstown","Mr",0,0,0,2,2,2,3
"625","No","Third","Male",21,7.8542,"Southampton","Mr",0,0,0,3,2,3,3
"626","Yes","First","Male",21,61.3792,"Cherbourg","Mr",1,0,1,1,2,1,3
"627","No","First","Male",41,51.8625,"Southampton","Mr",1,1,0,1,2,3,3
"628","Yes","Third","Male",24,7.05,"Southampton","Mr",0,0,1,3,2,3,3
"629","No","Third","Male",32,7.8958,"Southampton","Mr",0,0,0,3,2,3,3
"630","No","Third","Male",22,9.35,"Southampton","Mr",0,0,0,3,2,3,3
"631","No","Third","Male",19,7.8958,"Southampton","Mr",0,0,0,3,2,3,3
"632","No","Third","Male",16,18,"Southampton","Mr",2,0,0,3,2,3,3
"633","No","Third","Male",18,6.4375,"Cherbourg","Mr",1,0,0,3,2,1,3
"634","Yes","Second","Female",33,26,"Southampton","Mrs",2,0,1,2,1,3,4
"635","No","Second","Male",43,26.25,"Southampton","Mr",2,0,0,2,2,3,3
"636","Yes","Third","Female",16,24.15,"Queenstown","Miss",1,0,1,3,1,2,2
"637","No","Second","Male",40,13,"Southampton","Mr",0,0,0,2,2,3,3
"638","Yes","First","Female",15,211.3375,"Southampton","Miss",1,1,1,1,1,3,2
"639","Yes","First","Female",43,55.4417,"Cherbourg","Mrs",1,1,1,1,1,1,4
"640","No","Third","Male",29,7.875,"Southampton","Mr",0,0,0,3,2,3,3
"641","No","Second","Male",63,26,"Southampton","Mr",1,0,0,2,2,3,3
"642","No","First","Male",47,227.525,"Cherbourg","Rare",1,2,0,1,2,1,5
"643","No","Second","Male",54,14,"Southampton","Rare",0,0,0,2,2,3,5
"644","No","First","Male",56,26.55,"Southampton","Mr",0,0,0,1,2,3,3
"645","No","Third","Male",21,6.4958,"Southampton","Mr",1,0,0,3,2,3,3
"646","No","Third","Female",3,13.775,"Southampton","Miss",2,0,0,3,1,3,2
"647","No","Second","Male",36,10.5,"Southampton","Mr",0,0,0,2,2,3,3
"648","Yes","First","Female",39,211.3375,"Southampton","Miss",0,0,1,1,1,3,2
"649","No","Second","Male",25,10.5,"Southampton","Mr",0,0,0,2,2,3,3
"650","No","Third","Male",74,7.775,"Southampton","Mr",0,0,0,3,2,3,3
"651","No","Third","Male",31,24.15,"Queenstown","Mr",0,0,0,3,2,2,3
"652","Yes","First","Female",59,51.4792,"Southampton","Mrs",2,1,1,1,1,3,4
"653","No","First","Male",47,35,"Southampton","Mr",0,1,0,1,2,3,3
"654","No","Third","Female",28,14.4,"Southampton","Mrs",2,0,0,3,1,3,4
"655","Yes","Third","Male",14,9.225,"Southampton","Mr",0,0,1,3,2,3,3
"656","Yes","Second","Female",24,14.5,"Southampton","Mrs",2,0,1,2,1,3,4
"657","No","Third","Female",45,27.9,"Southampton","Mrs",5,0,0,3,1,3,4
"658","Yes","First","Female",60,76.2917,"Cherbourg","Mrs",0,1,1,1,1,1,4
"659","No","First","Male",31,50.4958,"Southampton","Mr",0,1,0,1,2,3,3
"660","No","Third","Male",26,8.05,"Southampton","Mr",0,0,0,3,2,3,3
"661","No","Third","Male",18,20.2125,"Southampton","Mr",2,0,0,3,2,3,3
"662","No","Third","Male",40,31.3875,"Southampton","Mr",6,0,0,3,2,3,3
"663","No","Third","Male",28,19.9667,"Southampton","Mr",1,0,0,3,2,3,3
"664","No","Second","Female",22,21,"Southampton","Mrs",0,0,0,2,1,3,4
"665","Yes","First","Female",39,79.65,"Southampton","Mrs",2,1,1,1,1,3,4
"666","No","First","Male",30,151.55,"Southampton","Mr",3,2,0,1,2,3,3
"667","No","Third","Male",24,7.775,"Southampton","Mr",0,0,0,3,2,3,3
"668","No","Third","Male",27,8.6625,"Southampton","Mr",0,0,0,3,2,3,3
"669","No","Third","Male",28,7.925,"Southampton","Mr",2,0,0,3,2,3,3
"670","No","Third","Female",9,69.55,"Southampton","Miss",10,0,0,3,1,3,2
"671","No","Second","Male",54,26,"Southampton","Mr",0,0,0,2,2,3,3
"672","Yes","Second","Male",3,18.75,"Southampton","Master",2,0,1,2,2,3,1
"673","Yes","Third","Male",30,56.4958,"Southampton","Mr",0,0,1,3,2,3,3
"674","No","Third","Male",6,15.2458,"Cherbourg","Master",2,0,0,3,2,1,1
"675","No","Third","Male",21,8.4333,"Southampton","Mr",0,0,0,3,2,3,3
"676","No","First","Male",37,53.1,"Southampton","Mr",1,1,0,1,2,3,3
"677","No","Third","Male",16,9.5,"Southampton","Mr",0,0,0,3,2,3,3
"678","No","Third","Male",19,7.775,"Southampton","Mr",0,0,0,3,2,3,3
"679","No","Third","Male",30.5,8.05,"Southampton","Mr",0,0,0,3,2,3,3
"680","No","Third","Male",26,7.8958,"Southampton","Mr",0,0,0,3,2,3,3
"681","No","Third","Male",26,8.05,"Southampton","Mr",0,0,0,3,2,3,3
"682","Yes","First","Female",31,134.5,"Cherbourg","Miss",0,2,1,1,1,1,2
"683","No","Third","Male",23.5,7.2292,"Cherbourg","Mr",0,0,0,3,2,1,3
"684","Yes","Second","Female",17,10.5,"Southampton","Miss",0,0,1,2,1,3,2
"685","No","First","Male",55,50,"Southampton","Mr",0,1,0,1,2,3,3
"686","No","Third","Male",20,9.8458,"Southampton","Mr",0,0,0,3,2,3,3
"687","No","Second","Male",18.5,13,"Southampton","Mr",0,1,0,2,2,3,3
"688","No","First","Male",61,33.5,"Southampton","Mr",0,1,0,1,2,3,3
"689","Yes","Second","Female",24,13,"Southampton","Miss",0,1,1,2,1,3,2
"690","Yes","First","Female",30,86.5,"Southampton","Miss",0,1,1,1,1,3,2
"691","No","Second","Male",25,0,"Southampton","Mr",0,0,0,2,2,3,3
"692","Yes","Third","Male",9,15.9,"Southampton","Master",2,0,1,3,2,3,1
"693","No","Third","Male",44,16.1,"Southampton","Mr",1,0,0,3,2,3,3
"694","Yes","First","Male",24,82.2667,"Southampton","Mr",1,1,1,1,2,3,3
"695","No","Second","Male",27,13,"Southampton","Mr",0,0,0,2,2,3,3
"696","Yes","First","Male",28,26.55,"Southampton","Mr",0,1,1,1,2,3,3
"697","Yes","Second","Female",24,27,"Southampton","Mrs",3,0,1,2,1,3,4
"698","Yes","First","Male",28,35.5,"Southampton","Mr",0,1,1,1,2,3,3
"699","Yes","Third","Female",45,7.225,"Cherbourg","Mrs",0,0,1,3,1,1,4
"700","No","Third","Male",47,7.25,"Southampton","Mr",0,0,0,3,2,3,3
"701","Yes","First","Female",40,134.5,"Cherbourg","Mrs",2,1,1,1,1,1,4
"702","No","Third","Male",28.5,7.2292,"Cherbourg","Mr",0,0,0,3,2,1,3
"703","No","Third","Male",26,7.8958,"Southampton","Mr",0,0,0,3,2,3,3
"704","No","Third","Male",21,16.1,"Southampton","Mr",0,0,0,3,2,3,3
"705","Yes","Third","Female",18,9.35,"Southampton","Mrs",1,0,1,3,1,3,4
"706","No","Third","Female",10,46.9,"Southampton","Miss",7,0,0,3,1,3,2
"707","Yes","Third","Female",22,7.725,"Queenstown","Miss",0,0,1,3,1,2,2
"708","No","Second","Male",41,13,"Southampton","Rare",0,0,0,2,2,3,5
"709","No","Third","Male",50,14.5,"Southampton","Mr",1,0,0,3,2,3,3
"710","No","First","Male",39,0,"Southampton","Mr",0,1,0,1,2,3,3
"711","Yes","Second","Female",21,21,"Southampton","Miss",1,0,1,2,1,3,2
"712","No","Third","Male",31,15.5,"Queenstown","Mr",1,0,0,3,2,2,3
"713","No","Second","Male",25,0,"Southampton","Mr",0,0,0,2,2,3,3
"714","No","First","Male",50,26,"Southampton","Mr",0,1,0,1,2,3,3
"715","Yes","First","Female",36,120,"Southampton","Mrs",3,2,1,1,1,3,4
"716","No","Third","Female",36,12.1833,"Southampton","Mrs",2,0,0,3,1,3,4
"717","No","Third","Female",30.5,7.75,"Queenstown","Miss",0,0,0,3,1,2,2
"718","No","Third","Male",11,69.55,"Southampton","Master",10,0,0,3,2,3,1
"719","No","Third","Male",22.5,7.225,"Cherbourg","Mr",0,0,0,3,2,1,3
"720","No","Third","Male",11,18.7875,"Cherbourg","Mr",0,0,0,3,2,1,3
"721","Yes","Third","Female",36,15.9,"Southampton","Mrs",2,0,1,3,1,3,4
"722","No","Second","Male",17,73.5,"Southampton","Mr",0,0,0,2,2,3,3
"723","No","Third","Male",19,6.75,"Queenstown","Mr",0,0,0,3,2,2,3
"724","Yes","Third","Female",4,13.4167,"Cherbourg","Miss",1,0,1,3,1,1,2
"725","Yes","Second","Female",20,36.75,"Southampton","Miss",0,0,1,2,1,3,2
"726","No","Third","Male",38.5,7.25,"Southampton","Mr",0,0,0,3,2,3,3
"727","No","Second","Male",16,10.5,"Southampton","Mr",0,0,0,2,2,3,3
"728","No","Third","Male",14,46.9,"Southampton","Mr",7,0,0,3,2,3,3
"729","Yes","First","Female",22,61.9792,"Cherbourg","Miss",1,1,1,1,1,1,2
"730","No","First","Male",61,262.375,"Cherbourg","Mr",4,4,0,1,2,1,3
"731","No","Third","Male",26,8.6625,"Southampton","Mr",2,0,0,3,2,3,3
"732","No","First","Male",39,71.2833,"Cherbourg","Mr",1,1,0,1,2,1,3
"733","No","Third","Male",13,20.25,"Southampton","Master",2,0,0,3,2,3,1
"734","Yes","Third","Male",9,20.525,"Southampton","Master",2,0,1,3,2,3,1
"735","No","Third","Male",41,14.1083,"Southampton","Mr",2,0,0,3,2,3,3
"736","Yes","First","Male",23,63.3583,"Cherbourg","Mr",1,2,1,1,2,1,3
"737","No","Third","Female",6,25.4667,"Southampton","Miss",4,0,0,3,1,3,2
"738","No","First","Male",22,135.6333,"Cherbourg","Mr",0,0,0,1,2,1,3
"739","Yes","Third","Female",22,7.75,"Queenstown","Miss",0,0,1,3,1,2,2
"740","No","Third","Female",47,14.5,"Southampton","Mrs",1,0,0,3,1,3,4
"741","Yes","Second","Female",20,23,"Southampton","Miss",3,0,1,2,1,3,2
"742","No","Third","Male",17,7.2292,"Cherbourg","Mr",2,0,0,3,2,1,3
"743","Yes","Third","Female",30,12.475,"Southampton","Miss",0,0,1,3,1,3,2
"744","Yes","First","Female",17,57,"Southampton","Mrs",1,1,1,1,1,3,4
"745","Yes","Third","Male",7,15.2458,"Cherbourg","Master",2,0,1,3,2,1,1
"746","No","Second","Male",24,13.5,"Southampton","Mr",0,0,0,2,2,3,3
"747","Yes","Third","Female",15,8.0292,"Queenstown","Miss",0,0,1,3,1,2,2
"748","No","Third","Male",19,14.5,"Southampton","Mr",0,0,0,3,2,3,3
"749","Yes","Third","Female",19,7.8292,"Queenstown","Miss",0,0,1,3,1,2,2
"750","No","Third","Male",33,20.525,"Southampton","Mr",2,0,0,3,2,3,3
"751","Yes","First","Male",31,57,"Southampton","Mr",1,1,1,1,2,3,3
"752","No","Third","Male",4,27.9,"Southampton","Master",5,0,0,3,2,3,1
"753","No","Third","Male",29,7.8542,"Southampton","Mr",0,0,0,3,2,3,3
"754","No","Second","Male",29,26,"Southampton","Mr",1,0,0,2,2,3,3
"755","Yes","Third","Male",20,7.2292,"Cherbourg","Mr",0,0,1,3,2,1,3
"756","No","Third","Male",32,7.75,"Queenstown","Mr",0,0,0,3,2,2,3
"757","No","Third","Male",23.5,7.2292,"Cherbourg","Mr",0,0,0,3,2,1,3
"758","Yes","First","Female",39,110.8833,"Cherbourg","Mrs",2,1,1,1,1,1,4
"759","No","Third","Male",45,6.975,"Southampton","Mr",0,0,0,3,2,3,3
"760","Yes","Third","Male",12,22.3583,"Cherbourg","Master",2,0,1,3,2,1,1
"761","No","Second","Male",18,11.5,"Southampton","Mr",0,0,0,2,2,3,3
"762","No","Third","Male",32,7.75,"Queenstown","Mr",0,0,0,3,2,2,3
"763","No","Third","Female",28,8.1125,"Southampton","Mrs",0,0,0,3,1,3,4
"764","No","Third","Male",20,7.8542,"Southampton","Mr",0,0,0,3,2,3,3
"765","No","Third","Male",17,8.6625,"Southampton","Mr",0,0,0,3,2,3,3
"766","Yes","Second","Female",30,21,"Southampton","Mrs",3,0,1,2,1,3,4
"767","Yes","Second","Female",30,13.8583,"Cherbourg","Miss",1,0,1,2,1,1,2
"768","Yes","First","Female",48,89.1042,"Cherbourg","Mrs",1,1,1,1,1,1,4
"769","No","Third","Female",45,7.75,"Southampton","Miss",0,0,0,3,1,3,2
"770","Yes","Third","Female",22,7.75,"Queenstown","Miss",0,0,1,3,1,2,2
"771","No","Third","Male",16,20.25,"Southampton","Mr",2,0,0,3,2,3,3
"772","Yes","Second","Female",34,23,"Southampton","Mrs",1,0,1,2,1,3,4
"773","No","Third","Male",22,8.05,"Southampton","Mr",0,0,0,3,2,3,3
"774","No","Third","Male",23.5,7.2292,"Cherbourg","Mr",0,0,0,3,2,1,3
"775","No","Third","Male",9,46.9,"Southampton","Master",7,0,0,3,2,3,1
"776","No","Third","Male",22,7.5208,"Southampton","Mr",0,0,0,3,2,3,3
"777","No","Third","Male",23.5,7.2292,"Cherbourg","Mr",0,0,0,3,2,1,3
"778","Yes","First","Female",50,247.5208,"Cherbourg","Mrs",1,2,1,1,1,1,4
"779","No","First","Male",46,0,"Southampton","Mr",0,0,0,1,2,3,3
"780","Yes","First","Female",36,55,"Southampton","Mrs",1,1,1,1,1,3,4
"781","No","Third","Male",25,7.8958,"Southampton","Mr",0,0,0,3,2,3,3
"782","No","First","Male",45.5,28.5,"Southampton","Mr",0,1,0,1,2,3,3
"783","Yes","Second","Female",20,26,"Southampton","Miss",1,0,1,2,1,3,2
"784","Yes","First","Female",36,71,"Southampton","Miss",2,1,1,1,1,3,2
"785","Yes","First","Male",56,35.5,"Cherbourg","Rare",0,1,1,1,2,1,5
"786","No","Third","Male",40.5,14.5,"Southampton","Mr",2,0,0,3,2,3,3
"787","Yes","First","Female",16,86.5,"Southampton","Miss",0,1,1,1,1,3,2
"788","No","Second","Male",26,13,"Southampton","Mr",0,0,0,2,2,3,3
"789","Yes","First","Female",35,52,"Southampton","Mrs",1,0,1,1,1,3,4
"790","Yes","Third","Male",26,7.775,"Southampton","Mr",0,0,1,3,2,3,3
"791","Yes","Third","Male",25,9.5,"Southampton","Mr",0,0,1,3,2,3,3
"792","Yes","Second","Female",3,41.5792,"Cherbourg","Miss",3,0,1,2,1,1,2
"793","No","First","Male",19,53.1,"Southampton","Mr",1,1,0,1,2,3,3
"794","No","Second","Male",66,10.5,"Southampton","Mr",0,0,0,2,2,3,3
"795","No","First","Male",40,27.7208,"Cherbourg","Mr",0,0,0,1,2,1,3
"796","No","First","Male",38,0,"Southampton","Rare",0,0,0,1,2,3,5
"797","No","Third","Male",20,7.225,"Cherbourg","Mr",0,0,0,3,2,1,3
"798","No","Second","Male",47,10.5,"Southampton","Mr",0,0,0,2,2,3,3
"799","No","Third","Male",17,7.0542,"Southampton","Mr",1,0,0,3,2,3,3
"800","No","Third","Male",31,7.75,"Queenstown","Mr",0,0,0,3,2,2,3
"801","No","Second","Male",27,26,"Southampton","Mr",0,0,0,2,2,3,3
"802","Yes","Second","Female",8,26,"Southampton","Miss",2,0,1,2,1,3,2
"803","No","Third","Male",21,7.25,"Southampton","Mr",0,0,0,3,2,3,3
"804","Yes","First","Female",18,227.525,"Cherbourg","Mrs",1,2,1,1,1,1,4
"805","Yes","Third","Female",36,17.4,"Southampton","Mrs",1,0,1,3,1,3,4
"806","No","Second","Male",25,13,"Southampton","Mr",0,0,0,2,2,3,3
"807","No","Third","Female",20,8.6625,"Southampton","Miss",0,0,0,3,1,3,2
"808","Yes","Third","Female",19,7.8792,"Queenstown","Miss",0,0,1,3,1,2,2
"809","No","Third","Male",30,6.4375,"Cherbourg","Mr",0,0,0,3,2,1,3
"810","Yes","Third","Female",18,8.05,"Southampton","Miss",0,0,1,3,1,3,2
"811","No","Third","Female",9,31.275,"Southampton","Miss",6,0,0,3,1,3,2
"812","No","Third","Female",9,27.9,"Southampton","Miss",5,0,0,3,1,3,2
"813","No","First","Male",50,106.425,"Cherbourg","Mr",1,1,0,1,2,1,3
"814","Yes","First","Female",48,25.9292,"Southampton","Mrs",0,1,1,1,1,3,4
"815","Yes","Second","Female",7,26.25,"Southampton","Miss",2,0,1,2,1,3,2
"816","No","First","Male",46,61.175,"Southampton","Mr",1,1,0,1,2,3,3
"817","Yes","Second","Female",50,10.5,"Southampton","Miss",0,0,1,2,1,3,2
"818","No","Third","Male",29,7.0458,"Southampton","Mr",1,0,0,3,2,3,3
"819","No","Third","Male",20.5,7.25,"Southampton","Mr",0,0,0,3,2,3,3
"820","No","First","Male",45,83.475,"Southampton","Mr",1,1,0,1,2,3,3
"821","No","Second","Male",30,10.5,"Southampton","Mr",0,0,0,2,2,3,3
"822","Yes","Second","Female",22,41.5792,"Cherbourg","Mrs",3,0,1,2,1,1,4
"823","No","Third","Male",29,8.05,"Southampton","Mr",0,0,0,3,2,3,3
"824","No","First","Male",52,79.65,"Southampton","Mr",2,1,0,1,2,3,3
"825","No","Third","Male",24,8.05,"Southampton","Mr",0,0,0,3,2,3,3
"826","Yes","Third","Male",21,7.75,"Queenstown","Mr",0,0,1,3,2,2,3
"827","No","Third","Female",9,69.55,"Southampton","Miss",10,0,0,3,1,3,2
"828","Yes","First","Male",42,26.2875,"Southampton","Mr",0,1,1,1,2,3,3
"829","No","Third","Male",39,31.275,"Southampton","Mr",6,0,0,3,2,3,3
"830","Yes","First","Female",45,164.8667,"Southampton","Mrs",2,0,1,1,1,3,4
"831","No","Second","Male",26,0,"Southampton","Mr",0,0,0,2,2,3,3
"832","No","Third","Male",26,7.8958,"Southampton","Mr",0,0,0,3,2,3,3
"833","No","Third","Male",28,16.1,"Southampton","Mr",1,0,0,3,2,3,3
"834","No","Second","Male",14,65,"Southampton","Mr",0,0,0,2,2,3,3
"835","No","First","Male",65,26.55,"Southampton","Mr",0,1,0,1,2,3,3
"836","Yes","Third","Female",29,15.2458,"Cherbourg","Mrs",2,0,1,3,1,1,4
"837","No","Third","Male",26,7.8958,"Southampton","Mr",0,0,0,3,2,3,3
"838","No","Third","Female",30.5,7.75,"Queenstown","Miss",0,0,0,3,1,2,2
"839","No","Second","Male",46,26,"Southampton","Mr",0,0,0,2,2,3,3
"840","Yes","Second","Male",0.8333,18.75,"Southampton","Master",2,0,1,2,2,3,1
"841","No","Third","Female",43,46.9,"Southampton","Mrs",7,0,0,3,1,3,4
"842","Yes","First","Male",27,53.1,"Southampton","Mr",1,1,1,1,2,3,3
"843","Yes","First","Female",60,263,"Southampton","Mrs",5,3,1,1,1,3,4
"844","No","Third","Female",27,7.8792,"Queenstown","Miss",0,0,0,3,1,2,2
"845","No","Third","Male",17,14.4542,"Cherbourg","Mr",1,0,0,3,2,1,3
"846","No","Second","Male",34,13,"Southampton","Mr",0,0,0,2,2,3,3
"847","No","Third","Female",28,8.05,"Southampton","Mrs",0,0,0,3,1,3,4
"848","No","Third","Male",32,7.925,"Southampton","Mr",0,0,0,3,2,3,3
"849","Yes","First","Male",54,55.4417,"Cherbourg","Mr",1,1,1,1,2,1,3
"850","Yes","First","Male",26,25.7417,"Cherbourg","Mr",0,0,1,1,2,1,3
"851","No","Second","Male",18,10.5,"Southampton","Mr",0,0,0,2,2,3,3
"852","Yes","First","Female",48,39.6,"Cherbourg","Rare",1,1,1,1,1,1,5
"853","Yes","First","Female",48,262.375,"Cherbourg","Mrs",4,4,1,1,1,1,4
"854","Yes","First","Female",51,39.4,"Southampton","Mrs",1,1,1,1,1,3,4
"855","No","First","Male",46,0,"Southampton","Mr",0,0,0,1,2,3,3
"856","Yes","First","Male",49,0,"Southampton","Mr",0,3,1,1,2,3,3
"857","No","Third","Female",17,7.7333,"Queenstown","Miss",0,0,0,3,1,2,2
"858","Yes","First","Female",28,263,"Southampton","Miss",5,3,1,1,1,3,2
"859","No","Third","Male",10,29.125,"Queenstown","Master",5,0,0,3,2,2,1
"860","No","Third","Male",4,31.275,"Southampton","Master",6,0,0,3,2,3,1
"861","No","Second","Male",36,27.75,"Southampton","Mr",3,0,0,2,2,3,3
"862","No","Third","Male",21,7.925,"Southampton","Mr",0,0,0,3,2,3,3
"863","Yes","Third","Male",27,8.6625,"Southampton","Mr",0,0,1,3,2,3,3
"864","Yes","Third","Female",24,19.2583,"Cherbourg","Mrs",3,0,1,3,1,1,4
"865","No","Third","Male",26,8.05,"Southampton","Mr",0,0,0,3,2,3,3
"866","No","Second","Male",19,10.5,"Southampton","Mr",0,0,0,2,2,3,3
"867","No","Second","Male",21,11.5,"Southampton","Mr",0,0,0,2,2,3,3
"868","No","Third","Female",24,7.75,"Queenstown","Rare",0,0,0,3,1,2,5
"869","Yes","Third","Female",18,7.225,"Cherbourg","Mrs",0,0,1,3,1,1,4
"870","Yes","First","Female",30,56.9292,"Cherbourg","Miss",0,1,1,1,1,1,2
"871","No","Third","Male",22.5,7.225,"Cherbourg","Mr",0,0,0,3,2,1,3
"872","Yes","Second","Female",29,10.5,"Southampton","Mrs",0,1,1,2,1,3,4
"873","Yes","First","Female",33,151.55,"Southampton","Miss",0,0,1,1,1,3,2
"874","No","Third","Male",25,7.225,"Cherbourg","Mr",0,0,0,3,2,1,3
"875","No","Third","Male",20,9.5,"Southampton","Mr",0,0,0,3,2,3,3
"876","Yes","Second","Female",29,26,"Southampton","Mrs",1,0,1,2,1,3,4
"877","No","First","Male",48,50.4958,"Cherbourg","Mr",0,1,0,1,2,1,3
"878","Yes","First","Female",48,106.425,"Cherbourg","Mrs",1,1,1,1,1,1,4
"879","No","First","Male",24,247.5208,"Cherbourg","Mr",1,2,0,1,2,1,3
"880","No","Third","Male",29,7.925,"Southampton","Mr",0,0,0,3,2,3,3
"881","No","Third","Male",32,7.75,"Queenstown","Mr",0,0,0,3,2,2,3
"882","No","Third","Male",22.5,7.225,"Cherbourg","Mr",0,0,0,3,2,1,3
"883","No","Third","Male",24,7.55,"Southampton","Mr",0,0,0,3,2,3,3
"884","No","Third","Male",29,9.4833,"Southampton","Mr",0,0,0,3,2,3,3
"885","Yes","First","Female",24,69.3,"Cherbourg","Rare",0,1,1,1,1,1,5
"886","Yes","First","Female",63,77.9583,"Southampton","Miss",1,1,1,1,1,3,2
"887","Yes","Third","Female",15,22.3583,"Cherbourg","Miss",2,2,1,3,1,1,2
"888","Yes","Second","Female",31,21,"Southampton","Miss",0,0,1,2,1,3,2
"889","No","Third","Female",32,15.5,"Queenstown","Mrs",2,0,0,3,1,2,4
"890","No","Third","Male",25,7.25,"Southampton","Mr",0,0,0,3,2,3,3
"891","Yes","Third","Female",22,7.25,"Southampton","Miss",0,0,1,3,1,3,2
"892","No","Third","Male",20,7.925,"Southampton","Mr",0,0,0,3,2,3,3
"893","No","First","Male",36,40.125,"Cherbourg","Mr",0,1,0,1,2,1,3
"894","Yes","First","Female",14,120,"Southampton","Miss",3,2,1,1,1,3,2
"895","No","Third","Male",27,7.8542,"Southampton","Mr",0,0,0,3,2,3,3
"896","No","First","Male",32.5,211.5,"Cherbourg","Mr",0,1,0,1,2,1,3
"897","No","Third","Male",37,7.925,"Southampton","Mr",2,0,0,3,2,3,3
"898","No","Third","Male",40,46.9,"Southampton","Mr",7,0,0,3,2,3,3
"899","No","Third","Male",34,6.4958,"Southampton","Mr",0,0,0,3,2,3,3
"900","No","First","Male",61,32.3208,"Southampton","Mr",0,1,0,1,2,3,3
"901","Yes","Second","Female",12,15.75,"Southampton","Miss",0,0,1,2,1,3,2
"902","Yes","Third","Female",35,20.25,"Southampton","Mrs",2,0,1,3,1,3,4
"903","No","Second","Male",30,21,"Southampton","Mr",1,0,0,2,2,3,3
"904","No","Third","Male",0.3333,14.4,"Southampton","Master",2,0,0,3,2,3,1
"905","Yes","Third","Male",29,7.8958,"Cherbourg","Mr",0,0,1,3,2,1,3
"906","Yes","Second","Female",25,30,"Southampton","Miss",2,0,1,2,1,3,2
"907","No","Third","Male",22,7.125,"Southampton","Mr",0,0,0,3,2,3,3
"908","No","First","Male",36,78.85,"Southampton","Mr",1,1,0,1,2,3,3
"909","No","Second","Male",18,73.5,"Southampton","Mr",0,0,0,2,2,3,3
"910","No","Second","Male",25,13,"Southampton","Mr",0,0,0,2,2,3,3
"911","Yes","First","Female",54,59.4,"Cherbourg","Mrs",1,0,1,1,1,1,4
"912","Yes","First","Male",4,81.8583,"Southampton","Master",2,1,1,1,2,3,1
"913","No","Third","Male",28,22.525,"Southampton","Mr",0,0,0,3,2,3,3
"914","Yes","Third","Male",19,8.1125,"Southampton","Mr",0,0,1,3,2,3,3
"915","Yes","Second","Female",24,27.7208,"Cherbourg","Mrs",1,0,1,2,1,1,4
"916","Yes","Third","Male",39,7.925,"Southampton","Mr",0,0,1,3,2,3,3
