"","Survived","Passenger.Class","Sex","Age","Passenger.Fare","Port.of.Embarkation","Normal.Title","Family.Size","nCabins","Survived.dum","Passenger.Class.dum","Sex.dum","Normal.Title.dum"
"1","Yes","First","Female",29,211.3375,"Southampton","Miss",0,1,1,1,1,2
"2","Yes","First","Male",0.9167,151.55,"Southampton","Master",3,2,1,1,2,1
"3","No","First","Female",2,151.55,"Southampton","Miss",3,2,0,1,1,2
"4","No","First","Male",30,151.55,"Southampton","Mr",3,2,0,1,2,3
"5","No","First","Female",25,151.55,"Southampton","Mrs",3,2,0,1,1,4
"6","Yes","First","Male",48,26.55,"Southampton","Mr",0,1,1,1,2,3
"7","Yes","First","Female",63,77.9583,"Southampton","Miss",1,1,1,1,1,2
"8","No","First","Male",39,0,"Southampton","Mr",0,1,0,1,2,3
"9","Yes","First","Female",53,51.4792,"Southampton","Mrs",2,1,1,1,1,4
"10","No","First","Male",71,49.5042,"Cherbourg","Mr",0,0,0,1,2,3
"11","No","First","Male",47,227.525,"Cherbourg","Rare",1,2,0,1,2,5
"12","Yes","First","Female",18,227.525,"Cherbourg","Mrs",1,2,1,1,1,4
"13","Yes","First","Female",24,69.3,"Cherbourg","Rare",0,1,1,1,1,5
"14","Yes","First","Female",26,78.85,"Southampton","Miss",0,0,1,1,1,2
"15","Yes","First","Male",80,30,"Southampton","Mr",0,1,1,1,2,3
"16","No","First","Male",46,25.925,"Southampton","Mr",0,0,0,1,2,3
"17","No","First","Male",24,247.5208,"Cherbourg","Mr",1,2,0,1,2,3
"18","Yes","First","Female",50,247.5208,"Cherbourg","Mrs",1,2,1,1,1,4
"19","Yes","First","Female",32,76.2917,"Cherbourg","Miss",0,1,1,1,1,2
"20","No","First","Male",36,75.2417,"Cherbourg","Mr",0,1,0,1,2,3
"21","Yes","First","Male",37,52.5542,"Southampton","Mr",2,1,1,1,2,3
"22","Yes","First","Female",47,52.5542,"Southampton","Mrs",2,1,1,1,1,4
"23","Yes","First","Male",26,30,"Cherbourg","Mr",0,1,1,1,2,3
"24","Yes","First","Female",42,227.525,"Cherbourg","Miss",0,0,1,1,1,2
"25","Yes","First","Female",29,221.7792,"Southampton","Miss",0,1,1,1,1,2
"26","No","First","Male",25,26,"Cherbourg","Mr",0,0,0,1,2,3
"27","Yes","First","Male",25,91.0792,"Cherbourg","Mr",1,1,1,1,2,3
"28","Yes","First","Female",19,91.0792,"Cherbourg","Mrs",1,1,1,1,1,4
"29","Yes","First","Female",35,135.6333,"Southampton","Miss",0,1,1,1,1,2
"30","Yes","First","Male",28,26.55,"Southampton","Mr",0,1,1,1,2,3
"31","No","First","Male",45,35.5,"Southampton","Mr",0,1,0,1,2,3
"32","Yes","First","Male",40,31,"Cherbourg","Mr",0,1,1,1,2,3
"33","Yes","First","Female",30,164.8667,"Southampton","Miss",0,1,1,1,1,2
"34","Yes","First","Female",58,26.55,"Southampton","Miss",0,1,1,1,1,2
"35","No","First","Male",42,26.55,"Southampton","Mr",0,1,0,1,2,3
"36","Yes","First","Female",45,262.375,"Cherbourg","Miss",0,0,1,1,1,2
"37","Yes","First","Female",22,55,"Southampton","Miss",1,1,1,1,1,2
"38","Yes","First","Male",45,26.55,"Southampton","Mr",0,0,1,1,2,3
"39","No","First","Male",41,30.5,"Southampton","Mr",0,1,0,1,2,3
"40","No","First","Male",48,50.4958,"Cherbourg","Mr",0,1,0,1,2,3
"41","No","First","Male",46,39.6,"Cherbourg","Rare",0,0,0,1,2,5
"42","Yes","First","Female",44,27.7208,"Cherbourg","Mrs",0,1,1,1,1,4
"43","Yes","First","Female",59,51.4792,"Southampton","Mrs",2,1,1,1,1,4
"44","Yes","First","Female",60,76.2917,"Cherbourg","Mrs",0,1,1,1,1,4
"45","Yes","First","Female",41,134.5,"Cherbourg","Miss",0,1,1,1,1,2
"46","No","First","Male",45,26.55,"Southampton","Rare",0,1,0,1,2,5
"47","No","First","Male",56,31,"Southampton","Mr",0,0,0,1,2,3
"48","Yes","First","Male",42,26.2875,"Southampton","Mr",0,1,1,1,2,3
"49","Yes","First","Female",53,27.4458,"Cherbourg","Mrs",0,0,1,1,1,4
"50","Yes","First","Male",36,512.3292,"Cherbourg","Mr",1,3,1,1,2,3
"51","Yes","First","Female",58,512.3292,"Cherbourg","Mrs",1,3,1,1,1,4
"52","No","First","Male",33,5,"Southampton","Mr",0,3,0,1,2,3
"53","No","First","Male",28,47.1,"Southampton","Mr",0,0,0,1,2,3
"54","No","First","Male",17,47.1,"Southampton","Mr",0,0,0,1,2,3
"55","Yes","First","Male",11,120,"Southampton","Master",3,2,1,1,2,1
"56","Yes","First","Female",14,120,"Southampton","Miss",3,2,1,1,1,2
"57","Yes","First","Male",36,120,"Southampton","Mr",3,2,1,1,2,3
"58","Yes","First","Female",36,120,"Southampton","Mrs",3,2,1,1,1,4
"59","No","First","Male",49,26,"Southampton","Mr",0,0,0,1,2,3
"60","Yes","First","Female",30,27.7208,"Cherbourg","Mrs",0,0,1,1,1,4
"61","No","First","Male",36,78.85,"Southampton","Mr",1,1,0,1,2,3
"62","Yes","First","Female",76,78.85,"Southampton","Mrs",1,1,1,1,1,4
"63","No","First","Male",46,61.175,"Southampton","Mr",1,1,0,1,2,3
"64","Yes","First","Female",47,61.175,"Southampton","Mrs",1,1,1,1,1,4
"65","Yes","First","Male",27,53.1,"Southampton","Mr",1,1,1,1,2,3
"66","Yes","First","Female",33,53.1,"Southampton","Mrs",1,1,1,1,1,4
"67","Yes","First","Female",36,262.375,"Cherbourg","Miss",0,1,1,1,1,2
"68","Yes","First","Female",30,86.5,"Southampton","Miss",0,1,1,1,1,2
"69","Yes","First","Male",45,29.7,"Cherbourg","Mr",0,1,1,1,2,3
"70","Yes","First","Female",36,55,"Southampton","Mrs",1,1,1,1,1,4
"71","No","First","Male",46,0,"Southampton","Mr",0,0,0,1,2,3
"72","No","First","Male",27,136.7792,"Cherbourg","Mr",1,1,0,1,2,3
"73","Yes","First","Female",26,136.7792,"Cherbourg","Mrs",1,1,1,1,1,4
"74","Yes","First","Female",22,151.55,"Southampton","Miss",0,0,1,1,1,2
"75","No","First","Male",47,52,"Southampton","Mr",0,1,0,1,2,3
"76","No","First","Male",47,25.5875,"Southampton","Mr",0,1,0,1,2,3
"77","Yes","First","Female",39,83.1583,"Cherbourg","Miss",2,1,1,1,1,2
"78","No","First","Male",37,83.1583,"Cherbourg","Mr",2,1,0,1,2,3
"79","Yes","First","Female",64,83.1583,"Cherbourg","Mrs",2,1,1,1,1,4
"80","Yes","First","Female",55,25.7,"Southampton","Mrs",2,1,1,1,1,4
"81","No","First","Male",56,26.55,"Southampton","Mr",0,0,0,1,2,3
"82","No","First","Male",70,71,"Southampton","Rare",2,1,0,1,2,5
"83","Yes","First","Female",36,71,"Southampton","Miss",2,1,1,1,1,2
"84","Yes","First","Female",64,26.55,"Southampton","Mrs",2,1,1,1,1,4
"85","No","First","Male",39,71.2833,"Cherbourg","Mr",1,1,0,1,2,3
"86","Yes","First","Female",38,71.2833,"Cherbourg","Mrs",1,1,1,1,1,4
"87","Yes","First","Male",51,26.55,"Southampton","Mr",0,1,1,1,2,3
"88","Yes","First","Male",27,30.5,"Southampton","Mr",0,0,1,1,2,3
"89","Yes","First","Female",33,151.55,"Southampton","Miss",0,0,1,1,1,2
"90","No","First","Male",31,52,"Southampton","Mr",1,1,0,1,2,3
"91","Yes","First","Female",27,52,"Southampton","Mrs",3,1,1,1,1,4
"92","Yes","First","Male",31,57,"Southampton","Mr",1,1,1,1,2,3
"93","Yes","First","Female",17,57,"Southampton","Mrs",1,1,1,1,1,4
"94","Yes","First","Male",53,81.8583,"Southampton","Rare",2,1,1,1,2,5
"95","Yes","First","Male",4,81.8583,"Southampton","Master",2,1,1,1,2,1
"96","Yes","First","Female",54,81.8583,"Southampton","Mrs",2,1,1,1,1,4
"97","No","First","Male",50,106.425,"Cherbourg","Mr",1,1,0,1,2,3
"98","Yes","First","Female",27,247.5208,"Cherbourg","Mrs",2,2,1,1,1,4
"99","Yes","First","Female",48,106.425,"Cherbourg","Mrs",1,1,1,1,1,4
"100","Yes","First","Female",48,39.6,"Cherbourg","Rare",1,1,1,1,1,5
"101","Yes","First","Male",49,56.9292,"Cherbourg","Rare",1,1,1,1,2,5
"102","No","First","Male",39,29.7,"Cherbourg","Mr",0,1,0,1,2,3
"103","Yes","First","Female",23,83.1583,"Cherbourg","Mrs",1,1,1,1,1,4
"104","Yes","First","Female",38,227.525,"Cherbourg","Miss",0,1,1,1,1,2
"105","Yes","First","Female",54,78.2667,"Cherbourg","Miss",1,1,1,1,1,2
"106","No","First","Female",36,31.6792,"Cherbourg","Miss",0,1,0,1,1,2
"107","No","First","Male",38,221.7792,"Southampton","Mr",0,1,0,1,2,3
"108","Yes","First","Female",33,31.6833,"Southampton","Mrs",0,0,1,1,1,4
"109","Yes","First","Female",30,110.8833,"Cherbourg","Miss",0,0,1,1,1,2
"110","Yes","First","Male",36,26.3875,"Southampton","Mr",0,1,1,1,2,3
"111","No","First","Male",30,27.75,"Cherbourg","Mr",0,1,0,1,2,3
"112","Yes","First","Female",24,263,"Southampton","Miss",5,3,1,1,1,2
"113","Yes","First","Female",28,263,"Southampton","Miss",5,3,1,1,1,2
"114","Yes","First","Female",23,263,"Southampton","Miss",5,3,1,1,1,2
"115","No","First","Male",19,263,"Southampton","Mr",5,3,0,1,2,3
"116","No","First","Male",64,263,"Southampton","Mr",5,3,0,1,2,3
"117","Yes","First","Female",60,263,"Southampton","Mrs",5,3,1,1,1,4
"118","Yes","First","Female",30,56.9292,"Cherbourg","Miss",0,1,1,1,1,2
"119","No","First","Male",42,26.55,"Southampton","Mr",0,1,0,1,2,3
"120","Yes","First","Male",50,133.65,"Southampton","Rare",2,0,1,1,2,5
"121","Yes","First","Male",43,27.7208,"Cherbourg","Mr",1,1,1,1,2,3
"122","Yes","First","Female",35,133.65,"Southampton","Mrs",1,0,1,1,1,4
"123","Yes","First","Female",22,49.5,"Cherbourg","Miss",2,1,1,1,1,2
"124","Yes","First","Male",60,79.2,"Cherbourg","Mr",2,1,1,1,2,3
"125","Yes","First","Female",48,79.2,"Cherbourg","Mrs",2,1,1,1,1,4
"126","No","First","Male",38,0,"Southampton","Mr",0,1,0,1,2,3
"127","No","First","Male",37,53.1,"Southampton","Mr",1,1,0,1,2,3
"128","Yes","First","Female",35,53.1,"Southampton","Mrs",1,1,1,1,1,4
"129","No","First","Male",47,38.5,"Southampton","Mr",0,1,0,1,2,3
"130","Yes","First","Female",35,211.5,"Cherbourg","Miss",0,1,1,1,1,2
"131","Yes","First","Female",22,59.4,"Cherbourg","Miss",1,0,1,1,1,2
"132","Yes","First","Female",45,59.4,"Cherbourg","Mrs",1,0,1,1,1,4
"133","No","First","Male",24,79.2,"Cherbourg","Mr",0,1,0,1,2,3
"134","Yes","First","Male",49,89.1042,"Cherbourg","Mr",1,1,1,1,2,3
"135","Yes","First","Female",48,89.1042,"Cherbourg","Mrs",1,1,1,1,1,4
"136","No","First","Male",71,34.6542,"Cherbourg","Mr",0,1,0,1,2,3
"137","Yes","First","Male",53,28.5,"Cherbourg","Rare",0,1,1,1,2,5
"138","Yes","First","Female",19,30,"Southampton","Miss",0,1,1,1,1,2
"139","No","First","Male",38,153.4625,"Southampton","Mr",1,1,0,1,2,3
"140","Yes","First","Female",58,153.4625,"Southampton","Mrs",1,1,1,1,1,4
"141","Yes","First","Male",23,63.3583,"Cherbourg","Mr",1,2,1,1,2,3
"142","Yes","First","Female",45,63.3583,"Cherbourg","Mrs",1,2,1,1,1,4
"143","No","First","Male",46,79.2,"Cherbourg","Mr",0,2,0,1,2,3
"144","Yes","First","Male",25,55.4417,"Cherbourg","Mr",1,1,1,1,2,3
"145","Yes","First","Female",25,55.4417,"Cherbourg","Mrs",1,1,1,1,1,4
"146","Yes","First","Male",48,76.7292,"Cherbourg","Mr",1,1,1,1,2,3
"147","Yes","First","Female",49,76.7292,"Cherbourg","Mrs",1,1,1,1,1,4
"148","No","First","Male",30,42.4,"Southampton","Mr",0,0,0,1,2,3
"149","No","First","Male",45,83.475,"Southampton","Mr",1,1,0,1,2,3
"150","Yes","First","Female",35,83.475,"Southampton","Mrs",1,1,1,1,1,4
"151","No","First","Male",40,0,"Southampton","Mr",0,1,0,1,2,3
"152","Yes","First","Male",27,76.7292,"Cherbourg","Mr",0,1,1,1,2,3
"153","Yes","First","Male",48,30,"Southampton","Mr",0,1,1,1,2,3
"154","Yes","First","Female",24,83.1583,"Cherbourg","Miss",0,1,1,1,1,2
"155","No","First","Male",55,93.5,"Southampton","Mr",2,1,0,1,2,3
"156","Yes","First","Female",52,93.5,"Southampton","Mrs",2,1,1,1,1,4
"157","No","First","Male",42,42.5,"Southampton","Mr",0,1,0,1,2,3
"158","No","First","Male",42,51.8625,"Southampton","Mr",0,1,0,1,2,3
"159","No","First","Male",55,50,"Southampton","Mr",0,1,0,1,2,3
"160","Yes","First","Female",16,57.9792,"Cherbourg","Miss",1,1,1,1,1,2
"161","Yes","First","Female",44,57.9792,"Cherbourg","Mrs",1,1,1,1,1,4
"162","Yes","First","Female",51,77.9583,"Southampton","Mrs",1,1,1,1,1,4
"163","No","First","Male",42,52,"Southampton","Mr",1,0,0,1,2,3
"164","Yes","First","Female",35,52,"Southampton","Mrs",1,0,1,1,1,4
"165","Yes","First","Male",35,26.55,"Cherbourg","Mr",0,0,1,1,2,3
"166","Yes","First","Male",38,90,"Southampton","Mr",1,1,1,1,2,3
"167","No","First","Male",40,30.6958,"Cherbourg","Mr",0,0,0,1,2,3
"168","Yes","First","Female",35,90,"Southampton","Mrs",1,1,1,1,1,4
"169","Yes","First","Female",38,80,"Cherbourg","Miss",0,1,1,1,1,2
"170","No","First","Female",50,28.7125,"Cherbourg","Miss",0,1,0,1,1,2
"171","Yes","First","Male",49,0,"Southampton","Mr",0,3,1,1,2,3
"172","No","First","Male",46,26,"Southampton","Mr",0,0,0,1,2,3
"173","No","First","Male",50,26,"Southampton","Mr",0,1,0,1,2,3
"174","No","First","Male",32.5,211.5,"Cherbourg","Mr",0,1,0,1,2,3
"175","No","First","Male",58,29.7,"Cherbourg","Mr",0,1,0,1,2,3
"176","No","First","Male",41,51.8625,"Southampton","Mr",1,1,0,1,2,3
"177","Yes","First","Female",35,51.8625,"Southampton","Mrs",1,1,1,1,1,4
"178","Yes","First","Male",42,52.5542,"Southampton","Mr",1,1,1,1,2,3
"179","Yes","First","Female",45,52.5542,"Southampton","Mrs",1,1,1,1,1,4
"180","No","First","Male",45,26.55,"Southampton","Mr",0,1,0,1,2,3
"181","Yes","First","Female",39,211.3375,"Southampton","Miss",0,0,1,1,1,2
"182","Yes","First","Female",49,25.9292,"Southampton","Rare",0,1,1,1,1,5
"183","Yes","First","Female",30,106.425,"Cherbourg","Miss",0,0,1,1,1,2
"184","Yes","First","Male",35,512.3292,"Cherbourg","Mr",0,1,1,1,2,3
"185","No","First","Male",40,27.7208,"Cherbourg","Mr",0,0,0,1,2,3
"186","No","First","Male",42,26.55,"Southampton","Mr",0,0,0,1,2,3
"187","Yes","First","Female",55,27.7208,"Cherbourg","Mrs",0,0,1,1,1,4
"188","Yes","First","Female",16,39.4,"Southampton","Miss",1,1,1,1,1,2
"189","Yes","First","Female",51,39.4,"Southampton","Mrs",1,1,1,1,1,4
"190","No","First","Male",29,30,"Southampton","Mr",0,1,0,1,2,3
"191","Yes","First","Female",21,77.9583,"Southampton","Miss",0,1,1,1,1,2
"192","No","First","Male",30,45.5,"Southampton","Mr",0,0,0,1,2,3
"193","Yes","First","Female",58,146.5208,"Cherbourg","Miss",0,1,1,1,1,2
"194","Yes","First","Female",15,211.3375,"Southampton","Miss",1,1,1,1,1,2
"195","No","First","Male",30,26,"Southampton","Mr",0,1,0,1,2,3
"196","Yes","First","Female",16,86.5,"Southampton","Miss",0,1,1,1,1,2
"197","Yes","First","Male",43,29.7,"Cherbourg","Mr",0,1,1,1,2,3
"198","No","First","Male",19,53.1,"Southampton","Mr",1,1,0,1,2,3
"199","Yes","First","Female",18,53.1,"Southampton","Mrs",1,1,1,1,1,4
"200","Yes","First","Female",24,49.5042,"Cherbourg","Rare",0,1,1,1,1,5
"201","No","First","Male",46,75.2417,"Cherbourg","Mr",0,1,0,1,2,3
"202","No","First","Male",54,51.8625,"Southampton","Mr",0,1,0,1,2,3
"203","Yes","First","Male",36,26.2875,"Southampton","Mr",0,1,1,1,2,3
"204","No","First","Male",28,82.1708,"Cherbourg","Mr",1,0,0,1,2,3
"205","Yes","First","Female",45,82.1708,"Cherbourg","Mrs",1,0,1,1,1,4
"206","No","First","Male",65,26.55,"Southampton","Mr",0,1,0,1,2,3
"207","No","First","Male",44,90,"Queenstown","Rare",2,1,0,1,2,5
"208","Yes","First","Female",33,90,"Queenstown","Miss",1,1,1,1,1,2
"209","Yes","First","Female",37,90,"Queenstown","Mrs",1,1,1,1,1,4
"210","Yes","First","Male",30,57.75,"Cherbourg","Mr",1,1,1,1,2,3
"211","No","First","Male",55,30.5,"Southampton","Mr",0,1,0,1,2,3
"212","No","First","Male",47,42.4,"Southampton","Mr",0,0,0,1,2,3
"213","No","First","Male",37,29.7,"Cherbourg","Mr",1,1,0,1,2,3
"214","Yes","First","Female",31,113.275,"Cherbourg","Miss",1,1,1,1,1,2
"215","Yes","First","Female",23,113.275,"Cherbourg","Miss",1,1,1,1,1,2
"216","No","First","Male",58,113.275,"Cherbourg","Mr",2,1,0,1,2,3
"217","Yes","First","Female",19,26.2833,"Southampton","Miss",2,1,1,1,1,2
"218","No","First","Male",64,26,"Southampton","Mr",0,0,0,1,2,3
"219","Yes","First","Female",39,108.9,"Cherbourg","Rare",0,1,1,1,1,5
"220","Yes","First","Male",26,25.7417,"Cherbourg","Mr",0,0,1,1,2,3
"221","Yes","First","Female",22,61.9792,"Cherbourg","Miss",1,1,1,1,1,2
"222","No","First","Male",65,61.9792,"Cherbourg","Mr",1,1,0,1,2,3
"223","No","First","Male",28.5,27.7208,"Cherbourg","Mr",0,1,0,1,2,3
"224","No","First","Male",46,0,"Southampton","Mr",0,0,0,1,2,3
"225","No","First","Male",45.5,28.5,"Southampton","Mr",0,1,0,1,2,3
"226","No","First","Male",23,93.5,"Southampton","Mr",0,1,0,1,2,3
"227","No","First","Male",29,66.6,"Southampton","Mr",1,1,0,1,2,3
"228","Yes","First","Female",22,66.6,"Southampton","Mrs",1,1,1,1,1,4
"229","No","First","Male",18,108.9,"Cherbourg","Mr",1,1,0,1,2,3
"230","Yes","First","Female",17,108.9,"Cherbourg","Mrs",1,1,1,1,1,4
"231","Yes","First","Female",30,93.5,"Southampton","Miss",0,1,1,1,1,2
"232","Yes","First","Male",52,30.5,"Southampton","Rare",0,1,1,1,2,5
"233","No","First","Male",47,52,"Southampton","Mr",0,1,0,1,2,3
"234","Yes","First","Female",56,83.1583,"Cherbourg","Mrs",1,1,1,1,1,4
"235","No","First","Male",38,0,"Southampton","Rare",0,0,0,1,2,5
"236","Yes","First","Male",34,39.6,"Southampton","Mr",0,0,1,1,2,3
"237","No","First","Male",22,135.6333,"Cherbourg","Mr",0,0,0,1,2,3
"238","No","First","Male",40,227.525,"Cherbourg","Mr",0,0,0,1,2,3
"239","Yes","First","Female",43,211.3375,"Southampton","Mrs",1,1,1,1,1,4
"240","No","First","Male",31,50.4958,"Southampton","Mr",0,1,0,1,2,3
"241","Yes","First","Male",45,26.55,"Southampton","Mr",0,0,1,1,2,3
"242","No","First","Male",47,50,"Southampton","Mr",0,1,0,1,2,3
"243","Yes","First","Female",33,27.7208,"Cherbourg","Miss",0,1,1,1,1,2
"244","No","First","Male",46,79.2,"Cherbourg","Mr",0,0,0,1,2,3
"245","No","First","Male",36,40.125,"Cherbourg","Mr",0,1,0,1,2,3
"246","Yes","First","Female",33,86.5,"Southampton","Rare",0,1,1,1,1,5
"247","No","First","Male",55,59.4,"Cherbourg","Mr",1,0,0,1,2,3
"248","Yes","First","Female",54,59.4,"Cherbourg","Mrs",1,0,1,1,1,4
"249","No","First","Male",33,26.55,"Southampton","Mr",0,0,0,1,2,3
"250","Yes","First","Male",13,262.375,"Cherbourg","Master",4,4,1,1,2,1
"251","Yes","First","Female",18,262.375,"Cherbourg","Miss",4,4,1,1,1,2
"252","Yes","First","Female",21,262.375,"Cherbourg","Miss",4,4,1,1,1,2
"253","No","First","Male",61,262.375,"Cherbourg","Mr",4,4,0,1,2,3
"254","Yes","First","Female",48,262.375,"Cherbourg","Mrs",4,4,1,1,1,4
"255","Yes","First","Male",48,30.5,"Southampton","Mr",0,1,1,1,2,3
"256","Yes","First","Female",24,69.3,"Cherbourg","Rare",0,1,1,1,1,5
"257","Yes","First","Male",45,26,"Southampton","Mr",0,0,1,1,2,3
"258","Yes","First","Female",35,57.75,"Cherbourg","Mrs",1,1,1,1,1,4
"259","Yes","First","Female",30,31,"Cherbourg","Miss",0,0,1,1,1,2
"260","Yes","First","Male",34,26.55,"Southampton","Mr",0,0,1,1,2,3
"261","Yes","First","Female",40,153.4625,"Southampton","Miss",0,1,1,1,1,2
"262","Yes","First","Male",35,26.2875,"Southampton","Mr",0,1,1,1,2,3
"263","No","First","Male",50,55.9,"Southampton","Mr",1,1,0,1,2,3
"264","Yes","First","Female",39,55.9,"Southampton","Mrs",1,1,1,1,1,4
"265","Yes","First","Male",56,35.5,"Cherbourg","Rare",0,1,1,1,2,5
"266","Yes","First","Male",28,35.5,"Southampton","Mr",0,1,1,1,2,3
"267","No","First","Male",56,26.55,"Southampton","Mr",0,0,0,1,2,3
"268","No","First","Male",56,30.6958,"Cherbourg","Mr",0,1,0,1,2,3
"269","No","First","Male",24,60,"Southampton","Mr",1,1,0,1,2,3
"270","No","First","Male",47,26,"Southampton","Mr",0,1,0,1,2,3
"271","Yes","First","Female",18,60,"Southampton","Mrs",1,1,1,1,1,4
"272","Yes","First","Male",24,82.2667,"Southampton","Mr",1,1,1,1,2,3
"273","Yes","First","Female",23,82.2667,"Southampton","Mrs",1,1,1,1,1,4
"274","Yes","First","Male",6,134.5,"Cherbourg","Master",2,1,1,1,2,1
"275","Yes","First","Male",45,134.5,"Cherbourg","Mr",2,1,1,1,2,3
"276","Yes","First","Female",40,134.5,"Cherbourg","Mrs",2,1,1,1,1,4
"277","No","First","Male",57,146.5208,"Cherbourg","Mr",1,1,0,1,2,3
"278","Yes","First","Female",38,146.5208,"Cherbourg","Mrs",1,1,1,1,1,4
"279","Yes","First","Male",32,30.5,"Cherbourg","Rare",0,1,1,1,2,5
"280","No","First","Male",62,26.55,"Southampton","Mr",0,1,0,1,2,3
"281","Yes","First","Male",54,55.4417,"Cherbourg","Mr",1,1,1,1,2,3
"282","Yes","First","Female",43,55.4417,"Cherbourg","Mrs",1,1,1,1,1,4
"283","Yes","First","Female",52,78.2667,"Cherbourg","Mrs",1,1,1,1,1,4
"284","No","First","Male",46,27.7208,"Cherbourg","Mr",0,0,0,1,2,3
"285","Yes","First","Female",62,80,"Cherbourg","Mrs",0,1,1,1,1,4
"286","No","First","Male",67,221.7792,"Southampton","Mr",1,2,0,1,2,3
"287","No","First","Female",63,221.7792,"Southampton","Mrs",1,2,0,1,1,4
"288","No","First","Male",61,32.3208,"Southampton","Mr",0,1,0,1,2,3
"289","Yes","First","Female",48,25.9292,"Southampton","Mrs",0,1,1,1,1,4
"290","Yes","First","Female",18,79.65,"Southampton","Miss",2,1,1,1,1,2
"291","No","First","Male",52,79.65,"Southampton","Mr",2,1,0,1,2,3
"292","Yes","First","Female",39,79.65,"Southampton","Mrs",2,1,1,1,1,4
"293","Yes","First","Male",48,52,"Southampton","Mr",1,1,1,1,2,3
"294","Yes","First","Female",27,52,"Southampton","Mrs",1,1,1,1,1,4
"295","No","First","Male",49,110.8833,"Cherbourg","Mr",2,1,0,1,2,3
"296","Yes","First","Male",17,110.8833,"Cherbourg","Mr",2,1,1,1,2,3
"297","Yes","First","Female",39,110.8833,"Cherbourg","Mrs",2,1,1,1,1,4
"298","Yes","First","Female",30,79.2,"Cherbourg","Mrs",0,0,1,1,1,4
"299","Yes","First","Male",31,28.5375,"Cherbourg","Mr",0,1,1,1,2,3
"300","No","First","Male",40,27.7208,"Cherbourg","Rare",0,0,0,1,2,5
"301","No","First","Male",61,33.5,"Southampton","Mr",0,1,0,1,2,3
"302","No","First","Male",47,34.0208,"Southampton","Mr",0,1,0,1,2,3
"303","Yes","First","Female",35,512.3292,"Cherbourg","Miss",0,0,1,1,1,2
"304","No","First","Male",64,75.25,"Cherbourg","Mr",1,1,0,1,2,3
"305","Yes","First","Female",60,75.25,"Cherbourg","Mrs",1,1,1,1,1,4
"306","No","First","Male",60,26.55,"Southampton","Rare",0,0,0,1,2,5
"307","No","First","Male",54,77.2875,"Southampton","Mr",1,1,0,1,2,3
"308","No","First","Male",21,77.2875,"Southampton","Mr",1,1,0,1,2,3
"309","Yes","First","Female",55,135.6333,"Cherbourg","Mrs",0,1,1,1,1,4
"310","Yes","First","Female",31,164.8667,"Southampton","Miss",2,1,1,1,1,2
"311","No","First","Male",57,164.8667,"Southampton","Mr",2,0,0,1,2,3
"312","Yes","First","Female",45,164.8667,"Southampton","Mrs",2,0,1,1,1,4
"313","No","First","Male",50,211.5,"Cherbourg","Mr",2,1,0,1,2,3
"314","No","First","Male",27,211.5,"Cherbourg","Mr",2,1,0,1,2,3
"315","Yes","First","Female",50,211.5,"Cherbourg","Mrs",2,1,1,1,1,4
"316","Yes","First","Female",21,26.55,"Southampton","Miss",0,0,1,1,1,2
"317","No","First","Male",51,61.3792,"Cherbourg","Mr",1,0,0,1,2,3
"318","Yes","First","Male",21,61.3792,"Cherbourg","Mr",1,0,1,1,2,3
"319","No","First","Male",47,35,"Southampton","Mr",0,1,0,1,2,3
"320","Yes","First","Female",31,134.5,"Cherbourg","Miss",0,2,1,1,1,2
"321","Yes","First","Male",40,35.5,"Southampton","Mr",0,1,1,1,2,3
"322","No","First","Male",62,26.55,"Southampton","Mr",0,0,0,1,2,3
"323","Yes","First","Female",36,135.6333,"Cherbourg","Miss",0,1,1,1,1,2
"324","No","Second","Male",30,24,"Cherbourg","Mr",1,0,0,2,2,3
"325","Yes","Second","Female",28,24,"Cherbourg","Mrs",1,0,1,2,1,4
"326","No","Second","Male",30,13,"Southampton","Mr",0,0,0,2,2,3
"327","No","Second","Male",18,11.5,"Southampton","Mr",0,0,0,2,2,3
"328","No","Second","Male",25,10.5,"Southampton","Mr",0,0,0,2,2,3
"329","No","Second","Male",34,26,"Southampton","Mr",1,0,0,2,2,3
"330","Yes","Second","Female",36,26,"Southampton","Mrs",1,0,1,2,1,4
"331","No","Second","Male",57,13,"Southampton","Mr",0,0,0,2,2,3
"332","No","Second","Male",18,11.5,"Southampton","Mr",0,0,0,2,2,3
"333","No","Second","Male",23,10.5,"Southampton","Mr",0,0,0,2,2,3
"334","Yes","Second","Female",36,13,"Southampton","Mrs",0,1,1,2,1,4
"335","No","Second","Male",28,10.5,"Southampton","Mr",0,0,0,2,2,3
"336","No","Second","Male",51,12.525,"Southampton","Rare",0,0,0,2,2,5
"337","Yes","Second","Male",32,26,"Southampton","Mr",1,0,1,2,2,3
"338","Yes","Second","Female",19,26,"Southampton","Mrs",1,0,1,2,1,4
"339","No","Second","Male",28,26,"Southampton","Mr",0,0,0,2,2,3
"340","Yes","Second","Male",1,39,"Southampton","Master",3,1,1,2,2,1
"341","Yes","Second","Female",4,39,"Southampton","Miss",3,1,1,2,1,2
"342","Yes","Second","Female",12,39,"Southampton","Miss",3,1,1,2,1,2
"343","Yes","Second","Female",36,39,"Southampton","Mrs",3,1,1,2,1,4
"344","Yes","Second","Male",34,13,"Southampton","Mr",0,1,1,2,2,3
"345","Yes","Second","Female",19,13,"Southampton","Miss",0,0,1,2,1,2
"346","No","Second","Male",23,13,"Southampton","Mr",0,0,0,2,2,3
"347","No","Second","Male",26,13,"Southampton","Mr",0,0,0,2,2,3
"348","No","Second","Male",42,13,"Southampton","Mr",0,0,0,2,2,3
"349","No","Second","Male",27,13,"Southampton","Mr",0,0,0,2,2,3
"350","Yes","Second","Female",24,13,"Southampton","Miss",0,1,1,2,1,2
"351","Yes","Second","Female",15,39,"Southampton","Miss",2,0,1,2,1,2
"352","No","Second","Male",60,39,"Southampton","Mr",2,0,0,2,2,3
"353","Yes","Second","Female",40,39,"Southampton","Mrs",2,0,1,2,1,4
"354","Yes","Second","Female",20,26,"Southampton","Miss",1,0,1,2,1,2
"355","No","Second","Male",25,26,"Southampton","Mr",1,0,0,2,2,3
"356","Yes","Second","Female",36,13,"Southampton","Miss",0,0,1,2,1,2
"357","No","Second","Male",25,13,"Southampton","Mr",0,0,0,2,2,3
"358","No","Second","Male",42,13,"Southampton","Rare",0,0,0,2,2,5
"359","Yes","Second","Female",42,13,"Southampton","Mrs",0,0,1,2,1,4
"360","Yes","Second","Male",0.8333,29,"Southampton","Master",2,0,1,2,2,1
"361","Yes","Second","Male",26,29,"Southampton","Mr",2,0,1,2,2,3
"362","Yes","Second","Female",22,29,"Southampton","Mrs",2,0,1,2,1,4
"363","Yes","Second","Female",35,21,"Southampton","Miss",0,0,1,2,1,2
"364","No","Second","Male",25,0,"Southampton","Mr",0,0,0,2,2,3
"365","No","Second","Male",19,13,"Southampton","Mr",0,0,0,2,2,3
"366","No","Second","Female",44,26,"Southampton","Mrs",1,0,0,2,1,4
"367","No","Second","Male",54,26,"Southampton","Rare",1,0,0,2,2,5
"368","No","Second","Male",52,13.5,"Southampton","Mr",0,0,0,2,2,3
"369","No","Second","Male",37,26,"Southampton","Mr",1,0,0,2,2,3
"370","No","Second","Female",29,26,"Southampton","Mrs",1,0,0,2,1,4
"371","Yes","Second","Female",25,30,"Southampton","Miss",2,0,1,2,1,2
"372","Yes","Second","Female",45,30,"Southampton","Mrs",2,0,1,2,1,4
"373","No","Second","Male",29,26,"Southampton","Mr",1,0,0,2,2,3
"374","Yes","Second","Female",28,26,"Southampton","Mrs",1,0,1,2,1,4
"375","No","Second","Male",29,10.5,"Southampton","Mr",0,0,0,2,2,3
"376","No","Second","Male",28,13,"Southampton","Mr",0,0,0,2,2,3
"377","Yes","Second","Male",24,10.5,"Southampton","Mr",0,0,1,2,2,3
"378","Yes","Second","Female",8,26.25,"Southampton","Miss",2,0,1,2,1,2
"379","No","Second","Male",31,26.25,"Southampton","Mr",2,0,0,2,2,3
"380","Yes","Second","Female",31,26.25,"Southampton","Mrs",2,0,1,2,1,4
"381","Yes","Second","Female",22,10.5,"Southampton","Mrs",0,1,1,2,1,4
"382","No","Second","Female",30,13,"Southampton","Mrs",0,0,0,2,1,4
"383","No","Second","Female",27,21,"Southampton","Mrs",0,0,0,2,1,4
"384","No","Second","Male",21,11.5,"Southampton","Mr",0,0,0,2,2,3
"385","No","Second","Male",26,0,"Southampton","Mr",0,0,0,2,2,3
"386","Yes","Second","Male",8,36.75,"Southampton","Master",2,0,1,2,2,1
"387","No","Second","Male",18,73.5,"Southampton","Mr",0,0,0,2,2,3
"388","Yes","Second","Female",48,36.75,"Southampton","Mrs",2,0,1,2,1,4
"389","Yes","Second","Female",28,13,"Southampton","Miss",0,0,1,2,1,2
"390","No","Second","Male",32,13,"Southampton","Mr",0,0,0,2,2,3
"391","No","Second","Male",17,73.5,"Southampton","Mr",0,0,0,2,2,3
"392","No","Second","Male",29,27.7208,"Cherbourg","Mr",1,0,0,2,2,3
"393","Yes","Second","Female",24,27.7208,"Cherbourg","Mrs",1,0,1,2,1,4
"394","No","Second","Male",25,31.5,"Southampton","Mr",0,0,0,2,2,3
"395","No","Second","Male",18,73.5,"Southampton","Mr",0,0,0,2,2,3
"396","Yes","Second","Female",18,23,"Southampton","Miss",1,0,1,2,1,2
"397","Yes","Second","Female",34,23,"Southampton","Mrs",1,0,1,2,1,4
"398","No","Second","Male",54,26,"Southampton","Mr",0,0,0,2,2,3
"399","Yes","Second","Male",8,32.5,"Southampton","Master",2,0,1,2,2,1
"400","No","Second","Male",42,32.5,"Southampton","Mr",2,0,0,2,2,3
"401","Yes","Second","Female",34,32.5,"Southampton","Mrs",2,0,1,2,1,4
"402","Yes","Second","Female",27,13.8583,"Cherbourg","Miss",1,0,1,2,1,2
"403","Yes","Second","Female",30,13.8583,"Cherbourg","Miss",1,0,1,2,1,2
"404","No","Second","Male",23,13,"Southampton","Mr",0,0,0,2,2,3
"405","No","Second","Male",21,13,"Southampton","Mr",0,0,0,2,2,3
"406","No","Second","Male",18,13,"Southampton","Mr",0,0,0,2,2,3
"407","No","Second","Male",40,26,"Southampton","Mr",1,0,0,2,2,3
"408","Yes","Second","Female",29,26,"Southampton","Mrs",1,0,1,2,1,4
"409","No","Second","Male",18,10.5,"Southampton","Mr",0,0,0,2,2,3
"410","No","Second","Male",36,13,"Southampton","Mr",0,0,0,2,2,3
"411","No","Second","Male",25,0,"Southampton","Mr",0,0,0,2,2,3
"412","No","Second","Female",38,13,"Southampton","Miss",0,0,0,2,1,2
"413","No","Second","Male",35,26,"Southampton","Mr",0,0,0,2,2,3
"414","No","Second","Male",38,21,"Southampton","Mr",1,0,0,2,2,3
"415","No","Second","Male",34,21,"Southampton","Mr",1,0,0,2,2,3
"416","Yes","Second","Female",34,13,"Southampton","Miss",0,0,1,2,1,2
"417","No","Second","Male",16,26,"Southampton","Mr",0,0,0,2,2,3
"418","No","Second","Male",26,10.5,"Southampton","Mr",0,0,0,2,2,3
"419","No","Second","Male",47,10.5,"Southampton","Mr",0,0,0,2,2,3
"420","No","Second","Male",21,11.5,"Southampton","Mr",1,0,0,2,2,3
"421","No","Second","Male",21,11.5,"Southampton","Mr",1,0,0,2,2,3
"422","No","Second","Male",24,13.5,"Southampton","Mr",0,0,0,2,2,3
"423","No","Second","Male",24,13,"Southampton","Mr",0,0,0,2,2,3
"424","No","Second","Male",34,13,"Southampton","Mr",0,0,0,2,2,3
"425","No","Second","Male",30,13,"Southampton","Mr",0,0,0,2,2,3
"426","No","Second","Male",52,13,"Southampton","Mr",0,0,0,2,2,3
"427","No","Second","Male",30,13,"Southampton","Mr",0,0,0,2,2,3
"428","Yes","Second","Male",0.6667,14.5,"Southampton","Master",2,0,1,2,2,1
"429","Yes","Second","Female",24,14.5,"Southampton","Mrs",2,0,1,2,1,4
"430","No","Second","Male",44,13,"Southampton","Mr",0,0,0,2,2,3
"431","Yes","Second","Female",6,33,"Southampton","Miss",1,0,1,2,1,2
"432","No","Second","Male",28,33,"Southampton","Rare",1,0,0,2,2,5
"433","Yes","Second","Male",62,10.5,"Southampton","Mr",0,0,1,2,2,3
"434","No","Second","Male",30,10.5,"Southampton","Mr",0,0,0,2,2,3
"435","Yes","Second","Female",7,26.25,"Southampton","Miss",2,0,1,2,1,2
"436","No","Second","Male",43,26.25,"Southampton","Mr",2,0,0,2,2,3
"437","Yes","Second","Female",45,26.25,"Southampton","Mrs",2,0,1,2,1,4
"438","Yes","Second","Female",24,65,"Southampton","Miss",3,0,1,2,1,2
"439","Yes","Second","Female",24,65,"Southampton","Miss",3,0,1,2,1,2
"440","No","Second","Male",49,65,"Southampton","Mr",3,0,0,2,2,3
"441","Yes","Second","Female",48,65,"Southampton","Mrs",3,0,1,2,1,4
"442","Yes","Second","Female",55,16,"Southampton","Mrs",0,0,1,2,1,4
"443","No","Second","Male",24,73.5,"Southampton","Mr",2,0,0,2,2,3
"444","No","Second","Male",32,73.5,"Southampton","Mr",2,0,0,2,2,3
"445","No","Second","Male",21,73.5,"Southampton","Mr",2,0,0,2,2,3
"446","No","Second","Female",18,13,"Southampton","Miss",2,0,0,2,1,2
"447","Yes","Second","Female",20,23,"Southampton","Miss",3,0,1,2,1,2
"448","No","Second","Male",23,11.5,"Southampton","Mr",3,0,0,2,2,3
"449","No","Second","Male",36,13,"Southampton","Mr",0,0,0,2,2,3
"450","Yes","Second","Female",54,23,"Southampton","Mrs",4,0,1,2,1,4
"451","No","Second","Male",50,13,"Southampton","Mr",0,0,0,2,2,3
"452","No","Second","Male",44,26,"Southampton","Mr",1,0,0,2,2,3
"453","Yes","Second","Female",29,26,"Southampton","Mrs",1,0,1,2,1,4
"454","No","Second","Male",21,73.5,"Southampton","Mr",0,0,0,2,2,3
"455","Yes","Second","Male",42,13,"Southampton","Mr",0,0,1,2,2,3
"456","No","Second","Male",63,26,"Southampton","Mr",1,0,0,2,2,3
"457","No","Second","Female",60,26,"Southampton","Mrs",1,0,0,2,1,4
"458","No","Second","Male",33,12.275,"Southampton","Mr",0,0,0,2,2,3
"459","Yes","Second","Female",17,10.5,"Southampton","Miss",0,0,1,2,1,2
"460","No","Second","Male",42,27,"Southampton","Mr",1,0,0,2,2,3
"461","Yes","Second","Female",24,27,"Southampton","Mrs",3,0,1,2,1,4
"462","No","Second","Male",47,15,"Southampton","Mr",0,0,0,2,2,3
"463","No","Second","Male",24,31.5,"Southampton","Mr",2,0,0,2,2,3
"464","No","Second","Male",22,31.5,"Southampton","Mr",2,0,0,2,2,3
"465","No","Second","Male",32,10.5,"Southampton","Mr",0,0,0,2,2,3
"466","Yes","Second","Female",23,13.7917,"Cherbourg","Mrs",0,1,1,2,1,4
"467","No","Second","Male",34,26,"Southampton","Mr",1,0,0,2,2,3
"468","Yes","Second","Female",24,26,"Southampton","Mrs",1,0,1,2,1,4
"469","No","Second","Female",22,21,"Southampton","Mrs",0,0,0,2,1,4
"470","Yes","Second","Female",30,12.35,"Queenstown","Miss",0,1,1,2,1,2
"471","No","Second","Male",35,12.35,"Queenstown","Mr",0,0,0,2,2,3
"472","Yes","Second","Female",45,13.5,"Southampton","Mrs",0,0,1,2,1,4
"473","No","Second","Male",57,12.35,"Queenstown","Rare",0,0,0,2,2,5
"474","No","Second","Male",25,0,"Southampton","Mr",0,0,0,2,2,3
"475","No","Second","Male",31,10.5,"Southampton","Mr",0,0,0,2,2,3
"476","No","Second","Female",26,26,"Southampton","Mrs",2,0,0,2,1,4
"477","No","Second","Male",30,26,"Southampton","Rare",2,0,0,2,2,5
"478","No","Second","Male",57,10.7083,"Queenstown","Mr",0,0,0,2,2,3
"479","Yes","Second","Female",1,41.5792,"Cherbourg","Miss",3,0,1,2,1,2
"480","Yes","Second","Female",3,41.5792,"Cherbourg","Miss",3,0,1,2,1,2
"481","No","Second","Male",25,41.5792,"Cherbourg","Mr",3,0,0,2,2,3
"482","Yes","Second","Female",22,41.5792,"Cherbourg","Mrs",3,0,1,2,1,4
"483","Yes","Second","Female",17,12,"Cherbourg","Miss",0,0,1,2,1,2
"484","Yes","Second","Female",20,33,"Southampton","Miss",0,0,1,2,1,2
"485","Yes","Second","Female",34,10.5,"Southampton","Mrs",0,1,1,2,1,4
"486","No","Second","Male",36,12.875,"Cherbourg","Mr",0,1,0,2,2,3
"487","No","Second","Male",24,10.5,"Southampton","Mr",0,0,0,2,2,3
"488","No","Second","Male",61,12.35,"Queenstown","Mr",0,0,0,2,2,3
"489","No","Second","Male",50,26,"Southampton","Mr",1,0,0,2,2,3
"490","Yes","Second","Female",42,26,"Southampton","Mrs",1,0,1,2,1,4
"491","No","Second","Female",57,10.5,"Southampton","Mrs",0,1,0,2,1,4
"492","No","Second","Male",36,15.0458,"Cherbourg","Mr",0,1,0,2,2,3
"493","Yes","Second","Male",1,37.0042,"Cherbourg","Master",2,0,1,2,2,1
"494","No","Second","Male",31,37.0042,"Cherbourg","Mr",2,0,0,2,2,3
"495","Yes","Second","Female",24,37.0042,"Cherbourg","Mrs",2,0,1,2,1,4
"496","No","Second","Male",27,15.5792,"Cherbourg","Mr",0,0,0,2,2,3
"497","No","Second","Male",30,13,"Southampton","Mr",0,0,0,2,2,3
"498","No","Second","Male",40,16,"Southampton","Mr",0,0,0,2,2,3
"499","No","Second","Male",32,13.5,"Southampton","Mr",0,0,0,2,2,3
"500","No","Second","Male",30,13,"Southampton","Mr",0,0,0,2,2,3
"501","No","Second","Male",46,26,"Southampton","Mr",0,0,0,2,2,3
"502","Yes","Second","Female",13,19.5,"Southampton","Miss",1,0,1,2,1,2
"503","Yes","Second","Female",41,19.5,"Southampton","Mrs",1,0,1,2,1,4
"504","Yes","Second","Male",19,10.5,"Southampton","Mr",0,0,1,2,2,3
"505","No","Second","Male",39,13,"Southampton","Mr",0,0,0,2,2,3
"506","No","Second","Male",48,13,"Southampton","Mr",0,0,0,2,2,3
"507","No","Second","Male",70,10.5,"Southampton","Mr",0,0,0,2,2,3
"508","No","Second","Male",27,13,"Southampton","Rare",0,0,0,2,2,5
"509","No","Second","Male",54,14,"Southampton","Rare",0,0,0,2,2,5
"510","No","Second","Male",39,26,"Southampton","Mr",0,0,0,2,2,3
"511","No","Second","Male",16,10.5,"Southampton","Mr",0,0,0,2,2,3
"512","No","Second","Male",62,9.6875,"Queenstown","Mr",0,0,0,2,2,3
"513","No","Second","Male",32.5,30.0708,"Cherbourg","Mr",1,0,0,2,2,3
"514","Yes","Second","Female",14,30.0708,"Cherbourg","Mrs",1,0,1,2,1,4
"515","Yes","Second","Male",2,26,"Southampton","Master",2,1,1,2,2,1
"516","Yes","Second","Male",3,26,"Southampton","Master",2,1,1,2,2,1
"517","No","Second","Male",36.5,26,"Southampton","Mr",2,1,0,2,2,3
"518","No","Second","Male",26,13,"Southampton","Mr",0,1,0,2,2,3
"519","No","Second","Male",19,36.75,"Southampton","Mr",2,0,0,2,2,3
"520","No","Second","Male",28,13.5,"Southampton","Mr",0,0,0,2,2,3
"521","Yes","Second","Male",20,13.8625,"Cherbourg","Mr",0,1,1,2,2,3
"522","Yes","Second","Female",29,10.5,"Southampton","Mrs",0,1,1,2,1,4
"523","No","Second","Male",39,13,"Southampton","Mr",0,0,0,2,2,3
"524","Yes","Second","Male",22,10.5,"Southampton","Mr",0,0,1,2,2,3
"525","Yes","Second","Male",22,13.8625,"Cherbourg","Mr",0,0,1,2,2,3
"526","No","Second","Male",23,10.5,"Southampton","Rare",0,0,0,2,2,5
"527","Yes","Second","Male",29,13.8583,"Cherbourg","Mr",0,0,1,2,2,3
"528","No","Second","Male",28,10.5,"Southampton","Mr",0,0,0,2,2,3
"529","No","Second","Male",28,0,"Southampton","Mr",0,0,0,2,2,3
"530","Yes","Second","Female",50,26,"Southampton","Mrs",1,0,1,2,1,4
"531","No","Second","Male",19,10.5,"Southampton","Mr",0,0,0,2,2,3
"532","No","Second","Male",29,15.05,"Cherbourg","Mr",0,0,0,2,2,3
"533","No","Second","Male",41,13,"Southampton","Rare",0,0,0,2,2,5
"534","Yes","Second","Female",21,21,"Southampton","Miss",1,0,1,2,1,2
"535","Yes","Second","Female",19,26,"Southampton","Miss",0,0,1,2,1,2
"536","No","Second","Male",43,21,"Southampton","Mr",1,0,0,2,2,3
"537","Yes","Second","Female",32,13,"Southampton","Mrs",0,0,1,2,1,4
"538","No","Second","Male",34,13,"Southampton","Mr",0,0,0,2,2,3
"539","Yes","Second","Male",30,12.7375,"Cherbourg","Mr",0,0,1,2,2,3
"540","No","Second","Male",27,15.0333,"Cherbourg","Mr",0,0,0,2,2,3
"541","Yes","Second","Female",2,26,"Southampton","Miss",2,0,1,2,1,2
"542","Yes","Second","Female",8,26,"Southampton","Miss",2,0,1,2,1,2
"543","Yes","Second","Female",33,26,"Southampton","Mrs",2,0,1,2,1,4
"544","No","Second","Male",36,10.5,"Southampton","Mr",0,0,0,2,2,3
"545","No","Second","Male",34,21,"Southampton","Mr",1,0,0,2,2,3
"546","Yes","Second","Female",30,21,"Southampton","Mrs",3,0,1,2,1,4
"547","Yes","Second","Female",28,13,"Southampton","Rare",0,0,1,2,1,5
"548","No","Second","Male",23,15.0458,"Cherbourg","Mr",0,0,0,2,2,3
"549","Yes","Second","Male",0.8333,18.75,"Southampton","Master",2,0,1,2,2,1
"550","Yes","Second","Male",3,18.75,"Southampton","Master",2,0,1,2,2,1
"551","Yes","Second","Female",24,18.75,"Southampton","Mrs",5,0,1,2,1,4
"552","Yes","Second","Female",50,10.5,"Southampton","Miss",0,0,1,2,1,2
"553","No","Second","Male",19,10.5,"Southampton","Mr",0,0,0,2,2,3
"554","Yes","Second","Female",21,10.5,"Southampton","Miss",0,0,1,2,1,2
"555","No","Second","Male",26,13,"Southampton","Mr",0,0,0,2,2,3
"556","No","Second","Male",25,13,"Southampton","Mr",0,0,0,2,2,3
"557","No","Second","Male",27,26,"Southampton","Mr",0,0,0,2,2,3
"558","Yes","Second","Female",25,26,"Southampton","Mrs",1,0,1,2,1,4
"559","Yes","Second","Female",18,13,"Southampton","Miss",2,0,1,2,1,2
"560","Yes","Second","Female",20,36.75,"Southampton","Miss",0,0,1,2,1,2
"561","Yes","Second","Female",30,13,"Southampton","Miss",0,0,1,2,1,2
"562","No","Second","Male",59,13.5,"Southampton","Mr",0,0,0,2,2,3
"563","Yes","Second","Female",30,12.35,"Queenstown","Miss",0,0,1,2,1,2
"564","No","Second","Male",35,10.5,"Southampton","Mr",0,0,0,2,2,3
"565","Yes","Second","Female",40,13,"Southampton","Miss",0,0,1,2,1,2
"566","No","Second","Male",25,13,"Southampton","Mr",0,0,0,2,2,3
"567","No","Second","Male",41,15.0458,"Cherbourg","Mr",0,0,0,2,2,3
"568","No","Second","Male",25,10.5,"Southampton","Mr",0,0,0,2,2,3
"569","No","Second","Male",18.5,13,"Southampton","Mr",0,1,0,2,2,3
"570","No","Second","Male",14,65,"Southampton","Mr",0,0,0,2,2,3
"571","Yes","Second","Female",50,10.5,"Southampton","Miss",0,0,1,2,1,2
"572","No","Second","Male",23,13,"Southampton","Mr",0,0,0,2,2,3
"573","Yes","Second","Female",28,12.65,"Southampton","Mrs",0,0,1,2,1,4
"574","Yes","Second","Female",27,10.5,"Southampton","Miss",0,1,1,2,1,2
"575","No","Second","Male",29,21,"Southampton","Mr",1,0,0,2,2,3
"576","No","Second","Female",27,21,"Southampton","Mrs",1,0,0,2,1,4
"577","No","Second","Male",40,13,"Southampton","Mr",0,0,0,2,2,3
"578","Yes","Second","Female",31,21,"Southampton","Miss",0,0,1,2,1,2
"579","No","Second","Male",30,21,"Southampton","Mr",1,0,0,2,2,3
"580","No","Second","Male",23,10.5,"Southampton","Mr",1,0,0,2,2,3
"581","Yes","Second","Female",31,21,"Southampton","Mrs",0,0,1,2,1,4
"582","No","Second","Male",28,0,"Southampton","Mr",0,0,0,2,2,3
"583","Yes","Second","Female",12,15.75,"Southampton","Miss",0,0,1,2,1,2
"584","Yes","Second","Female",40,15.75,"Southampton","Mrs",0,0,1,2,1,4
"585","Yes","Second","Female",32.5,13,"Southampton","Miss",0,1,1,2,1,2
"586","No","Second","Male",27,26,"Southampton","Mr",1,0,0,2,2,3
"587","Yes","Second","Female",29,26,"Southampton","Mrs",1,0,1,2,1,4
"588","Yes","Second","Male",2,23,"Southampton","Master",2,0,1,2,2,1
"589","Yes","Second","Female",4,23,"Southampton","Miss",2,0,1,2,1,2
"590","Yes","Second","Female",29,23,"Southampton","Mrs",2,0,1,2,1,4
"591","Yes","Second","Female",0.9167,27.75,"Southampton","Miss",3,0,1,2,1,2
"592","Yes","Second","Female",5,27.75,"Southampton","Miss",3,0,1,2,1,2
"593","No","Second","Male",36,27.75,"Southampton","Mr",3,0,0,2,2,3
"594","Yes","Second","Female",33,27.75,"Southampton","Mrs",3,0,1,2,1,4
"595","No","Second","Male",66,10.5,"Southampton","Mr",0,0,0,2,2,3
"596","No","Second","Male",30,12.875,"Southampton","Mr",0,0,0,2,2,3
"597","Yes","Second","Male",31,13,"Southampton","Mr",0,0,1,2,2,3
"598","Yes","Second","Male",26,13,"Southampton","Mr",0,0,1,2,2,3
"599","Yes","Second","Female",26,13.5,"Southampton","Miss",0,0,1,2,1,2
"600","No","Second","Female",24,13,"Southampton","Miss",0,0,0,2,1,2
"601","No","Third","Male",42,7.55,"Southampton","Mr",0,0,0,3,2,3
"602","No","Third","Male",13,20.25,"Southampton","Master",2,0,0,3,2,1
"603","No","Third","Male",16,20.25,"Southampton","Mr",2,0,0,3,2,3
"604","Yes","Third","Female",35,20.25,"Southampton","Mrs",2,0,1,3,1,4
"605","Yes","Third","Female",16,7.65,"Southampton","Miss",0,0,1,3,1,2
"606","Yes","Third","Male",25,7.65,"Southampton","Mr",0,2,1,3,2,3
"607","Yes","Third","Male",20,7.925,"Southampton","Mr",0,0,1,3,2,3
"608","Yes","Third","Female",18,7.2292,"Cherbourg","Mrs",0,0,1,3,1,4
"609","No","Third","Male",30,7.25,"Southampton","Mr",0,0,0,3,2,3
"610","No","Third","Male",26,8.05,"Southampton","Mr",0,0,0,3,2,3
"611","No","Third","Female",40,9.475,"Southampton","Mrs",1,0,0,3,1,4
"612","Yes","Third","Male",0.8333,9.35,"Southampton","Master",1,0,1,3,2,1
"613","Yes","Third","Female",18,9.35,"Southampton","Mrs",1,0,1,3,1,4
"614","Yes","Third","Male",26,18.7875,"Cherbourg","Mr",0,0,1,3,2,3
"615","No","Third","Male",26,7.8875,"Southampton","Mr",0,0,0,3,2,3
"616","No","Third","Male",20,7.925,"Southampton","Mr",0,0,0,3,2,3
"617","No","Third","Male",24,7.05,"Southampton","Mr",0,0,0,3,2,3
"618","No","Third","Male",25,7.05,"Southampton","Mr",0,0,0,3,2,3
"619","No","Third","Male",35,8.05,"Southampton","Mr",0,0,0,3,2,3
"620","No","Third","Male",18,8.3,"Southampton","Mr",0,0,0,3,2,3
"621","No","Third","Male",32,22.525,"Southampton","Mr",0,0,0,3,2,3
"622","Yes","Third","Female",19,7.8542,"Southampton","Miss",1,0,1,3,1,2
"623","No","Third","Male",4,31.275,"Southampton","Master",6,0,0,3,2,1
"624","No","Third","Female",6,31.275,"Southampton","Miss",6,0,0,3,1,2
"625","No","Third","Female",2,31.275,"Southampton","Miss",6,0,0,3,1,2
"626","Yes","Third","Female",17,7.925,"Southampton","Miss",6,0,1,3,1,2
"627","No","Third","Female",38,7.775,"Southampton","Miss",6,0,0,3,1,2
"628","No","Third","Female",9,31.275,"Southampton","Miss",6,0,0,3,1,2
"629","No","Third","Female",11,31.275,"Southampton","Miss",6,0,0,3,1,2
"630","No","Third","Male",39,31.275,"Southampton","Mr",6,0,0,3,2,3
"631","Yes","Third","Male",27,7.7958,"Southampton","Mr",0,0,1,3,2,3
"632","No","Third","Male",26,7.775,"Southampton","Mr",0,0,0,3,2,3
"633","No","Third","Female",39,31.275,"Southampton","Mrs",6,0,0,3,1,4
"634","No","Third","Male",20,7.8542,"Southampton","Mr",0,0,0,3,2,3
"635","No","Third","Male",26,7.8958,"Southampton","Mr",0,0,0,3,2,3
"636","No","Third","Male",25,17.8,"Southampton","Mr",1,0,0,3,2,3
"637","No","Third","Female",18,17.8,"Southampton","Mrs",1,0,0,3,1,4
"638","No","Third","Male",24,7.775,"Southampton","Mr",0,0,0,3,2,3
"639","No","Third","Male",35,7.05,"Southampton","Mr",0,0,0,3,2,3
"640","No","Third","Male",5,31.3875,"Southampton","Master",6,0,0,3,2,1
"641","No","Third","Male",9,31.3875,"Southampton","Master",6,0,0,3,2,1
"642","Yes","Third","Male",3,31.3875,"Southampton","Master",6,0,1,3,2,1
"643","No","Third","Male",13,31.3875,"Southampton","Master",6,0,0,3,2,1
"644","Yes","Third","Female",5,31.3875,"Southampton","Miss",6,0,1,3,1,2
"645","No","Third","Male",40,31.3875,"Southampton","Mr",6,0,0,3,2,3
"646","Yes","Third","Male",23,7.7958,"Southampton","Mr",0,0,1,3,2,3
"647","Yes","Third","Female",38,31.3875,"Southampton","Mrs",6,0,1,3,1,4
"648","Yes","Third","Female",45,7.225,"Cherbourg","Mrs",0,0,1,3,1,4
"649","No","Third","Male",21,7.225,"Cherbourg","Mr",0,0,0,3,2,3
"650","No","Third","Male",23,7.05,"Southampton","Mr",0,0,0,3,2,3
"651","No","Third","Female",17,14.4583,"Cherbourg","Miss",0,0,0,3,1,2
"652","No","Third","Male",30,7.225,"Cherbourg","Mr",0,0,0,3,2,3
"653","No","Third","Male",23,7.8542,"Southampton","Mr",0,0,0,3,2,3
"654","Yes","Third","Female",13,7.2292,"Cherbourg","Miss",0,0,1,3,1,2
"655","No","Third","Male",20,7.225,"Cherbourg","Mr",0,0,0,3,2,3
"656","No","Third","Male",32,15.85,"Southampton","Mr",1,0,0,3,2,3
"657","Yes","Third","Female",33,15.85,"Southampton","Mrs",3,0,1,3,1,4
"658","Yes","Third","Female",0.75,19.2583,"Cherbourg","Miss",3,0,1,3,1,2
"659","Yes","Third","Female",0.75,19.2583,"Cherbourg","Miss",3,0,1,3,1,2
"660","Yes","Third","Female",5,19.2583,"Cherbourg","Miss",3,0,1,3,1,2
"661","Yes","Third","Female",24,19.2583,"Cherbourg","Mrs",3,0,1,3,1,4
"662","Yes","Third","Female",18,8.05,"Southampton","Miss",0,0,1,3,1,2
"663","No","Third","Male",40,7.225,"Cherbourg","Mr",0,0,0,3,2,3
"664","No","Third","Male",26,7.8958,"Southampton","Mr",0,0,0,3,2,3
"665","Yes","Third","Male",20,7.2292,"Cherbourg","Mr",0,0,1,3,2,3
"666","No","Third","Female",18,14.4542,"Cherbourg","Miss",1,0,0,3,1,2
"667","No","Third","Female",45,14.4542,"Cherbourg","Mrs",1,0,0,3,1,4
"668","No","Third","Female",27,7.8792,"Queenstown","Miss",0,0,0,3,1,2
"669","No","Third","Male",22,8.05,"Southampton","Mr",0,0,0,3,2,3
"670","No","Third","Male",19,8.05,"Southampton","Mr",0,0,0,3,2,3
"671","No","Third","Male",26,7.775,"Southampton","Mr",0,0,0,3,2,3
"672","No","Third","Male",22,9.35,"Southampton","Mr",0,0,0,3,2,3
"673","No","Third","Male",23.5,7.2292,"Cherbourg","Master",0,0,0,3,2,1
"674","No","Third","Male",20,4.0125,"Cherbourg","Mr",0,0,0,3,2,3
"675","Yes","Third","Male",32,56.4958,"Southampton","Mr",0,0,1,3,2,3
"676","No","Third","Male",21,7.775,"Southampton","Mr",0,0,0,3,2,3
"677","No","Third","Male",18,7.75,"Southampton","Mr",0,0,0,3,2,3
"678","No","Third","Male",26,7.8958,"Southampton","Mr",0,0,0,3,2,3
"679","No","Third","Male",6,15.2458,"Cherbourg","Master",2,0,0,3,2,1
"680","No","Third","Female",9,15.2458,"Cherbourg","Miss",2,0,0,3,1,2
"681","No","Third","Male",22.5,7.225,"Cherbourg","Mr",0,0,0,3,2,3
"682","No","Third","Female",17,15.2458,"Cherbourg","Mrs",2,0,0,3,1,4
"683","No","Third","Female",30.5,7.75,"Queenstown","Miss",2,0,0,3,1,2
"684","No","Third","Male",40,15.5,"Queenstown","Mr",2,0,0,3,2,3
"685","No","Third","Female",32,15.5,"Queenstown","Mrs",2,0,0,3,1,4
"686","No","Third","Male",21,16.1,"Southampton","Mr",0,0,0,3,2,3
"687","Yes","Third","Female",22,7.725,"Queenstown","Miss",0,0,1,3,1,2
"688","No","Third","Female",20,7.8542,"Southampton","Miss",0,0,0,3,1,2
"689","No","Third","Male",29,7.0458,"Southampton","Mr",1,0,0,3,2,3
"690","No","Third","Male",22,7.25,"Southampton","Mr",1,0,0,3,2,3
"691","No","Third","Male",22,7.7958,"Southampton","Mr",0,0,0,3,2,3
"692","No","Third","Male",35,8.05,"Southampton","Mr",0,0,0,3,2,3
"693","No","Third","Female",18.5,7.2833,"Queenstown","Miss",0,0,0,3,1,2
"694","Yes","Third","Male",21,7.8208,"Queenstown","Mr",0,0,1,3,2,3
"695","No","Third","Male",19,6.75,"Queenstown","Mr",0,0,0,3,2,3
"696","No","Third","Female",18,7.8792,"Queenstown","Miss",0,0,0,3,1,2
"697","No","Third","Female",21,8.6625,"Southampton","Miss",0,0,0,3,1,2
"698","No","Third","Female",30,8.6625,"Southampton","Miss",0,0,0,3,1,2
"699","No","Third","Male",18,8.6625,"Southampton","Mr",0,0,0,3,2,3
"700","No","Third","Male",38,8.6625,"Southampton","Mr",0,0,0,3,2,3
"701","No","Third","Male",17,8.6625,"Southampton","Mr",0,0,0,3,2,3
"702","No","Third","Male",17,8.6625,"Southampton","Mr",0,0,0,3,2,3
"703","No","Third","Female",21,7.75,"Queenstown","Miss",0,0,0,3,1,2
"704","No","Third","Male",21,7.75,"Queenstown","Mr",0,0,0,3,2,3
"705","No","Third","Male",21,8.05,"Southampton","Mr",0,0,0,3,2,3
"706","No","Third","Male",17,14.4583,"Cherbourg","Mr",1,0,0,3,2,3
"707","No","Third","Female",17,14.4583,"Cherbourg","Mrs",1,0,0,3,1,4
"708","No","Third","Male",28,7.7958,"Southampton","Mr",0,0,0,3,2,3
"709","No","Third","Male",24,7.8542,"Southampton","Mr",0,0,0,3,2,3
"710","Yes","Third","Female",16,7.75,"Queenstown","Miss",0,0,1,3,1,2
"711","No","Third","Female",37,7.75,"Queenstown","Miss",0,0,0,3,1,2
"712","No","Third","Male",28,7.25,"Southampton","Mr",0,0,0,3,2,3
"713","No","Third","Male",24,8.05,"Southampton","Mr",0,0,0,3,2,3
"714","No","Third","Male",21,7.7333,"Queenstown","Mr",0,0,0,3,2,3
"715","Yes","Third","Male",32,56.4958,"Southampton","Mr",0,0,1,3,2,3
"716","No","Third","Male",29,8.05,"Southampton","Mr",0,0,0,3,2,3
"717","No","Third","Male",26,14.4542,"Cherbourg","Mr",1,0,0,3,2,3
"718","No","Third","Male",18,14.4542,"Cherbourg","Mr",1,0,0,3,2,3
"719","No","Third","Male",20,7.05,"Southampton","Mr",0,0,0,3,2,3
"720","Yes","Third","Male",18,8.05,"Southampton","Mr",0,0,1,3,2,3
"721","No","Third","Male",24,7.25,"Queenstown","Mr",0,0,0,3,2,3
"722","No","Third","Male",36,7.4958,"Southampton","Mr",0,0,0,3,2,3
"723","No","Third","Male",24,7.4958,"Southampton","Mr",0,0,0,3,2,3
"724","No","Third","Male",31,7.7333,"Queenstown","Mr",0,0,0,3,2,3
"725","No","Third","Male",31,7.75,"Queenstown","Mr",0,0,0,3,2,3
"726","Yes","Third","Female",22,7.75,"Queenstown","Miss",0,0,1,3,1,2
"727","No","Third","Female",30,7.6292,"Queenstown","Miss",0,0,0,3,1,2
"728","No","Third","Male",70.5,7.75,"Queenstown","Mr",0,0,0,3,2,3
"729","No","Third","Male",43,8.05,"Southampton","Mr",0,0,0,3,2,3
"730","No","Third","Male",35,7.8958,"Southampton","Mr",0,0,0,3,2,3
"731","No","Third","Male",27,7.8958,"Southampton","Mr",0,0,0,3,2,3
"732","No","Third","Male",19,7.8958,"Southampton","Mr",0,0,0,3,2,3
"733","No","Third","Male",30,8.05,"Southampton","Mr",0,0,0,3,2,3
"734","Yes","Third","Male",9,15.9,"Southampton","Master",2,0,1,3,2,1
"735","Yes","Third","Male",3,15.9,"Southampton","Master",2,0,1,3,2,1
"736","Yes","Third","Female",36,15.9,"Southampton","Mrs",2,0,1,3,1,4
"737","No","Third","Male",59,7.25,"Southampton","Mr",0,0,0,3,2,3
"738","No","Third","Male",19,8.1583,"Southampton","Mr",0,0,0,3,2,3
"739","Yes","Third","Female",17,16.1,"Southampton","Miss",1,0,1,3,1,2
"740","No","Third","Male",44,16.1,"Southampton","Mr",1,0,0,3,2,3
"741","No","Third","Male",17,8.6625,"Southampton","Mr",0,0,0,3,2,3
"742","No","Third","Male",22.5,7.225,"Cherbourg","Mr",0,0,0,3,2,3
"743","Yes","Third","Male",45,8.05,"Southampton","Mr",0,0,1,3,2,3
"744","No","Third","Female",22,10.5167,"Southampton","Miss",0,0,0,3,1,2
"745","No","Third","Male",19,10.1708,"Southampton","Mr",0,0,0,3,2,3
"746","Yes","Third","Female",30,6.95,"Queenstown","Miss",0,0,1,3,1,2
"747","Yes","Third","Male",29,7.75,"Queenstown","Mr",0,0,1,3,2,3
"748","No","Third","Male",0.3333,14.4,"Southampton","Master",2,0,0,3,2,1
"749","No","Third","Male",34,14.4,"Southampton","Mr",2,0,0,3,2,3
"750","No","Third","Female",28,14.4,"Southampton","Mrs",2,0,0,3,1,4
"751","No","Third","Male",27,7.8958,"Southampton","Mr",0,0,0,3,2,3
"752","No","Third","Male",25,7.8958,"Southampton","Mr",0,0,0,3,2,3
"753","No","Third","Male",24,24.15,"Southampton","Mr",2,0,0,3,2,3
"754","No","Third","Male",22,8.05,"Southampton","Mr",0,0,0,3,2,3
"755","No","Third","Male",21,24.15,"Southampton","Mr",2,0,0,3,2,3
"756","No","Third","Male",17,8.05,"Southampton","Mr",2,0,0,3,2,3
"757","No","Third","Male",28,16.1,"Southampton","Mr",1,0,0,3,2,3
"758","Yes","Third","Female",24,16.1,"Southampton","Mrs",1,0,1,3,1,4
"759","Yes","Third","Male",36.5,17.4,"Southampton","Mr",1,0,1,3,2,3
"760","Yes","Third","Female",36,17.4,"Southampton","Mrs",1,0,1,3,1,4
"761","Yes","Third","Male",30,9.5,"Southampton","Mr",0,0,1,3,2,3
"762","No","Third","Male",16,9.5,"Southampton","Mr",0,0,0,3,2,3
"763","Yes","Third","Male",1,20.575,"Southampton","Master",3,0,1,3,2,1
"764","Yes","Third","Female",0.1667,20.575,"Southampton","Miss",3,0,1,3,1,2
"765","No","Third","Male",26,20.575,"Southampton","Mr",3,0,0,3,2,3
"766","Yes","Third","Female",33,20.575,"Southampton","Mrs",3,0,1,3,1,4
"767","No","Third","Male",25,7.8958,"Southampton","Mr",0,0,0,3,2,3
"768","No","Third","Male",26,7.8958,"Southampton","Mr",0,0,0,3,2,3
"769","No","Third","Male",26,7.8958,"Southampton","Mr",0,0,0,3,2,3
"770","No","Third","Male",22,7.25,"Southampton","Mr",0,0,0,3,2,3
"771","No","Third","Male",36,7.25,"Southampton","Mr",0,0,0,3,2,3
"772","Yes","Third","Female",19,7.8792,"Queenstown","Miss",0,0,1,3,1,2
"773","No","Third","Male",17,7.8958,"Southampton","Mr",0,0,0,3,2,3
"774","No","Third","Male",42,8.6625,"Southampton","Mr",0,0,0,3,2,3
"775","No","Third","Male",43,7.8958,"Southampton","Mr",0,0,0,3,2,3
"776","No","Third","Male",23.5,7.2292,"Cherbourg","Mr",0,0,0,3,2,3
"777","No","Third","Male",32,7.75,"Queenstown","Mr",0,0,0,3,2,3
"778","Yes","Third","Male",19,8.05,"Southampton","Mr",0,0,1,3,2,3
"779","Yes","Third","Female",30,12.475,"Southampton","Miss",0,0,1,3,1,2
"780","No","Third","Female",24,7.75,"Queenstown","Miss",0,0,0,3,1,2
"781","Yes","Third","Female",23,8.05,"Southampton","Miss",0,0,1,3,1,2
"782","No","Third","Male",33,7.8958,"Cherbourg","Mr",0,0,0,3,2,3
"783","No","Third","Male",65,7.75,"Queenstown","Mr",0,0,0,3,2,3
"784","Yes","Third","Male",24,7.55,"Southampton","Mr",0,0,1,3,2,3
"785","No","Third","Male",23,13.9,"Southampton","Mr",1,0,0,3,2,3
"786","Yes","Third","Female",22,13.9,"Southampton","Mrs",1,0,1,3,1,4
"787","No","Third","Male",18,7.775,"Southampton","Mr",0,0,0,3,2,3
"788","No","Third","Male",16,7.775,"Southampton","Mr",0,0,0,3,2,3
"789","No","Third","Male",45,6.975,"Southampton","Mr",0,0,0,3,2,3
"790","No","Third","Male",22.5,7.225,"Cherbourg","Mr",0,0,0,3,2,3
"791","No","Third","Male",39,7.2292,"Cherbourg","Mr",2,0,0,3,2,3
"792","No","Third","Male",17,7.2292,"Cherbourg","Mr",2,0,0,3,2,3
"793","No","Third","Male",15,7.2292,"Cherbourg","Mr",2,0,0,3,2,3
"794","No","Third","Male",47,7.25,"Southampton","Mr",0,0,0,3,2,3
"795","Yes","Third","Female",5,12.475,"Southampton","Miss",0,0,1,3,1,2
"796","No","Third","Male",22.5,7.225,"Cherbourg","Mr",0,0,0,3,2,3
"797","No","Third","Male",40.5,15.1,"Southampton","Mr",0,0,0,3,2,3
"798","No","Third","Male",40.5,7.75,"Queenstown","Mr",0,0,0,3,2,3
"799","Yes","Third","Male",24,7.05,"Southampton","Mr",0,0,1,3,2,3
"800","No","Third","Male",18,7.7958,"Southampton","Mr",0,0,0,3,2,3
"801","No","Third","Female",30.5,7.75,"Queenstown","Miss",0,0,0,3,1,2
"802","No","Third","Male",32,7.75,"Queenstown","Mr",0,0,0,3,2,3
"803","No","Third","Male",24,6.95,"Queenstown","Mr",0,0,0,3,2,3
"804","No","Third","Male",26,7.8792,"Queenstown","Mr",0,0,0,3,2,3
"805","No","Third","Male",32,7.75,"Queenstown","Mr",0,0,0,3,2,3
"806","Yes","Third","Male",30,56.4958,"Southampton","Mr",0,0,1,3,2,3
"807","No","Third","Female",21,34.375,"Southampton","Miss",4,0,0,3,1,2
"808","No","Third","Female",9,34.375,"Southampton","Miss",4,0,0,3,1,2
"809","No","Third","Male",26,8.05,"Southampton","Mr",0,0,0,3,2,3
"810","No","Third","Male",18,34.375,"Southampton","Mr",4,0,0,3,2,3
"811","No","Third","Male",16,34.375,"Southampton","Mr",4,0,0,3,2,3
"812","No","Third","Female",48,34.375,"Southampton","Mrs",4,0,0,3,1,4
"813","No","Third","Male",32,7.75,"Queenstown","Mr",0,0,0,3,2,3
"814","No","Third","Male",30,7.25,"Southampton","Mr",0,0,0,3,2,3
"815","No","Third","Male",25,7.7417,"Queenstown","Mr",0,0,0,3,2,3
"816","No","Third","Male",21,14.5,"Southampton","Mr",0,0,0,3,2,3
"817","No","Third","Male",30,7.8958,"Cherbourg","Mr",0,0,0,3,2,3
"818","No","Third","Male",22,8.05,"Southampton","Mr",0,0,0,3,2,3
"819","Yes","Third","Female",16,7.7333,"Queenstown","Miss",0,0,1,3,1,2
"820","Yes","Third","Female",22,7.75,"Queenstown","Miss",0,0,1,3,1,2
"821","Yes","Third","Male",9,20.525,"Southampton","Master",2,0,1,3,2,1
"822","No","Third","Male",33,20.525,"Southampton","Mr",2,0,0,3,2,3
"823","No","Third","Male",41,7.85,"Southampton","Mr",0,0,0,3,2,3
"824","Yes","Third","Female",31,20.525,"Southampton","Mrs",2,0,1,3,1,4
"825","No","Third","Male",38,7.05,"Southampton","Mr",0,0,0,3,2,3
"826","No","Third","Male",9,46.9,"Southampton","Master",7,0,0,3,2,1
"827","No","Third","Male",1,46.9,"Southampton","Master",7,0,0,3,2,1
"828","No","Third","Male",11,46.9,"Southampton","Master",7,0,0,3,2,1
"829","No","Third","Female",10,46.9,"Southampton","Miss",7,0,0,3,1,2
"830","No","Third","Female",16,46.9,"Southampton","Miss",7,0,0,3,1,2
"831","No","Third","Male",14,46.9,"Southampton","Mr",7,0,0,3,2,3
"832","No","Third","Male",40,46.9,"Southampton","Mr",7,0,0,3,2,3
"833","No","Third","Female",43,46.9,"Southampton","Mrs",7,0,0,3,1,4
"834","No","Third","Male",51,8.05,"Southampton","Mr",0,0,0,3,2,3
"835","No","Third","Male",32,8.3625,"Southampton","Mr",0,0,0,3,2,3
"836","No","Third","Male",26,8.05,"Southampton","Mr",0,0,0,3,2,3
"837","No","Third","Male",20,9.8458,"Southampton","Mr",0,0,0,3,2,3
"838","No","Third","Male",37,7.925,"Southampton","Mr",2,0,0,3,2,3
"839","No","Third","Male",28,7.925,"Southampton","Mr",2,0,0,3,2,3
"840","No","Third","Male",19,7.775,"Southampton","Mr",0,0,0,3,2,3
"841","No","Third","Female",24,8.85,"Southampton","Miss",0,0,0,3,1,2
"842","No","Third","Female",17,7.7333,"Queenstown","Miss",0,0,0,3,1,2
"843","No","Third","Male",28,19.9667,"Southampton","Mr",1,0,0,3,2,3
"844","No","Third","Male",26,19.9667,"Southampton","Mr",1,0,0,3,2,3
"845","No","Third","Male",28,15.85,"Southampton","Mr",1,0,0,3,2,3
"846","Yes","Third","Female",24,15.85,"Southampton","Mrs",1,0,1,3,1,4
"847","No","Third","Male",20,9.5,"Southampton","Mr",0,0,0,3,2,3
"848","No","Third","Male",23.5,7.2292,"Cherbourg","Mr",0,0,0,3,2,3
"849","No","Third","Male",41,14.1083,"Southampton","Mr",2,0,0,3,2,3
"850","No","Third","Male",26,7.8542,"Southampton","Mr",1,0,0,3,2,3
"851","No","Third","Male",21,7.8542,"Southampton","Mr",0,0,0,3,2,3
"852","Yes","Third","Female",45,14.1083,"Southampton","Mrs",1,0,1,3,1,4
"853","No","Third","Female",25,7.55,"Southampton","Miss",0,0,0,3,1,2
"854","No","Third","Male",25,7.25,"Southampton","Mr",0,0,0,3,2,3
"855","No","Third","Male",24,6.8583,"Queenstown","Mr",0,0,0,3,2,3
"856","No","Third","Male",11,18.7875,"Cherbourg","Mr",0,0,0,3,2,3
"857","Yes","Third","Female",22,7.75,"Queenstown","Miss",0,0,1,3,1,2
"858","Yes","Third","Male",27,6.975,"Southampton","Mr",0,0,1,3,2,3
"859","Yes","Third","Male",30,56.4958,"Southampton","Mr",0,0,1,3,2,3
"860","No","Third","Female",18,6.75,"Queenstown","Miss",0,0,0,3,1,2
"861","Yes","Third","Female",26,7.925,"Southampton","Miss",0,0,1,3,1,2
"862","No","Third","Female",23,7.925,"Southampton","Miss",0,0,0,3,1,2
"863","Yes","Third","Female",22,8.9625,"Southampton","Miss",0,0,1,3,1,2
"864","No","Third","Male",28,7.8958,"Southampton","Mr",0,0,0,3,2,3
"865","No","Third","Female",28,7.775,"Southampton","Miss",0,0,0,3,1,2
"866","No","Third","Female",30.5,7.75,"Queenstown","Miss",0,0,0,3,1,2
"867","Yes","Third","Female",2,12.2875,"Southampton","Miss",1,0,1,3,1,2
"868","Yes","Third","Female",22,12.2875,"Southampton","Mrs",2,0,1,3,1,4
"869","No","Third","Male",43,6.45,"Southampton","Mr",0,0,0,3,2,3
"870","No","Third","Male",28,22.525,"Southampton","Mr",0,0,0,3,2,3
"871","Yes","Third","Female",27,7.925,"Southampton","Miss",0,0,1,3,1,2
"872","No","Third","Male",32,7.75,"Queenstown","Mr",0,0,0,3,2,3
"873","Yes","Third","Female",23,8.05,"Southampton","Miss",0,0,1,3,1,2
"874","No","Third","Male",42,7.65,"Southampton","Mr",0,2,0,3,2,3
"875","Yes","Third","Male",32,7.8875,"Southampton","Mr",0,0,1,3,2,3
"876","No","Third","Male",30,7.2292,"Cherbourg","Mr",0,0,0,3,2,3
"877","No","Third","Male",26,7.8958,"Southampton","Mr",0,0,0,3,2,3
"878","No","Third","Female",27,7.925,"Southampton","Miss",1,0,0,3,1,2
"879","No","Third","Female",25,7.925,"Southampton","Miss",1,0,0,3,1,2
"880","No","Third","Male",26,7.8958,"Southampton","Mr",0,0,0,3,2,3
"881","Yes","Third","Male",29,7.8958,"Cherbourg","Mr",0,0,1,3,2,3
"882","Yes","Third","Male",21,7.7958,"Southampton","Mr",0,0,1,3,2,3
"883","No","Third","Male",25,7.05,"Southampton","Mr",0,0,0,3,2,3
"884","No","Third","Male",20,7.8542,"Southampton","Mr",0,0,0,3,2,3
"885","No","Third","Male",48,7.8542,"Southampton","Mr",0,0,0,3,2,3
"886","No","Third","Male",17,7.0542,"Southampton","Mr",1,0,0,3,2,3
"887","Yes","Third","Female",22,7.75,"Queenstown","Miss",0,0,1,3,1,2
"888","Yes","Third","Male",19,8.1125,"Southampton","Mr",0,0,1,3,2,3
"889","No","Third","Male",34,6.4958,"Southampton","Mr",0,0,0,3,2,3
"890","Yes","Third","Male",26,7.775,"Southampton","Mr",0,0,1,3,2,3
"891","No","Third","Male",22,7.7958,"Southampton","Mr",0,0,0,3,2,3
"892","No","Third","Male",33,8.6542,"Southampton","Mr",0,0,0,3,2,3
"893","No","Third","Male",31,7.775,"Southampton","Mr",0,0,0,3,2,3
"894","No","Third","Male",29,7.8542,"Southampton","Mr",0,0,0,3,2,3
"895","Yes","Third","Male",4,11.1333,"Southampton","Master",2,0,1,3,2,1
"896","Yes","Third","Female",1,11.1333,"Southampton","Miss",2,0,1,3,1,2
"897","No","Third","Male",49,0,"Southampton","Mr",0,0,0,3,2,3
"898","No","Third","Male",33,7.775,"Southampton","Mr",0,0,0,3,2,3
"899","No","Third","Male",19,0,"Southampton","Mr",0,0,0,3,2,3
"900","Yes","Third","Female",27,11.1333,"Southampton","Mrs",2,0,1,3,1,4
"901","No","Third","Male",26,23.45,"Southampton","Master",3,0,0,3,2,1
"902","No","Third","Female",10,23.45,"Southampton","Miss",3,0,0,3,1,2
"903","No","Third","Male",26,23.45,"Southampton","Mr",3,0,0,3,2,3
"904","No","Third","Female",10,23.45,"Southampton","Mrs",3,0,0,3,1,4
"905","No","Third","Male",23,7.8958,"Southampton","Mr",0,0,0,3,2,3
"906","Yes","Third","Male",32,7.8542,"Southampton","Mr",0,0,1,3,2,3
"907","No","Third","Male",27,7.8542,"Southampton","Mr",0,0,0,3,2,3
"908","No","Third","Female",20,9.825,"Southampton","Miss",1,0,0,3,1,2
"909","No","Third","Female",21,9.825,"Southampton","Miss",1,0,0,3,1,2
"910","Yes","Third","Male",32,7.925,"Southampton","Mr",0,0,1,3,2,3
"911","No","Third","Male",17,7.125,"Southampton","Mr",0,0,0,3,2,3
"912","No","Third","Male",21,8.4333,"Southampton","Mr",0,0,0,3,2,3
"913","No","Third","Male",30,7.8958,"Southampton","Mr",0,0,0,3,2,3
"914","Yes","Third","Male",21,7.7958,"Southampton","Mr",0,0,1,3,2,3
"915","No","Third","Male",33,7.8542,"Southampton","Mr",0,0,0,3,2,3
"916","No","Third","Male",22,7.5208,"Southampton","Mr",0,0,0,3,2,3
"917","Yes","Third","Female",4,13.4167,"Cherbourg","Miss",1,0,1,3,1,2
"918","Yes","Third","Male",39,13.4167,"Cherbourg","Mr",1,0,1,3,2,3
"919","No","Third","Male",23.5,7.2292,"Cherbourg","Mr",0,0,0,3,2,3
"920","No","Third","Male",18.5,7.2292,"Cherbourg","Mr",0,0,0,3,2,3
"921","No","Third","Male",32,7.75,"Queenstown","Mr",0,0,0,3,2,3
"922","No","Third","Male",30,7.25,"Southampton","Mr",0,0,0,3,2,3
"923","Yes","Third","Female",22,7.75,"Queenstown","Miss",0,0,1,3,1,2
"924","Yes","Third","Female",22,7.75,"Queenstown","Miss",0,0,1,3,1,2
"925","No","Third","Male",34.5,7.8292,"Queenstown","Mr",0,0,0,3,2,3
"926","No","Third","Male",44,8.05,"Southampton","Mr",0,0,0,3,2,3
"927","Yes","Third","Male",31,7.75,"Queenstown","Mr",0,0,1,3,2,3
"928","No","Third","Male",17,14.4542,"Cherbourg","Mr",1,0,0,3,2,3
"929","No","Third","Female",17,14.4542,"Cherbourg","Mrs",1,0,0,3,1,4
"930","No","Third","Male",32,7.75,"Queenstown","Mr",1,0,0,3,2,3
"931","No","Third","Male",32,7.75,"Queenstown","Mr",1,0,0,3,2,3
"932","No","Third","Male",25,7.7375,"Queenstown","Mr",0,0,0,3,2,3
"933","No","Third","Female",22,8.6625,"Southampton","Miss",2,0,0,3,1,2
"934","No","Third","Male",26,8.6625,"Southampton","Mr",2,0,0,3,2,3
"935","Yes","Third","Female",4,22.025,"Southampton","Miss",2,0,1,3,1,2
"936","Yes","Third","Male",29,22.025,"Southampton","Mr",4,0,1,3,2,3
"937","Yes","Third","Female",26,22.025,"Southampton","Mrs",2,0,1,3,1,4
"938","No","Third","Female",1,12.1833,"Southampton","Miss",2,0,0,3,1,2
"939","No","Third","Male",18,7.8542,"Southampton","Mr",2,0,0,3,2,3
"940","No","Third","Female",36,12.1833,"Southampton","Mrs",2,0,0,3,1,4
"941","No","Third","Male",30,7.8958,"Cherbourg","Mr",0,0,0,3,2,3
"942","Yes","Third","Male",25,7.2292,"Cherbourg","Mr",0,2,1,3,2,3
"943","No","Third","Male",22.5,7.225,"Cherbourg","Mr",0,0,0,3,2,3
"944","No","Third","Female",37,9.5875,"Southampton","Miss",0,0,0,3,1,2
"945","No","Third","Male",26,7.8958,"Southampton","Mr",0,0,0,3,2,3
"946","Yes","Third","Male",30,56.4958,"Southampton","Mr",0,0,1,3,2,3
"947","No","Third","Male",28,56.4958,"Southampton","Mr",0,0,0,3,2,3
"948","Yes","Third","Female",22,7.25,"Southampton","Miss",0,0,1,3,1,2
"949","No","Third","Male",32,7.75,"Queenstown","Mr",0,0,0,3,2,3
"950","Yes","Third","Male",26,56.4958,"Southampton","Mr",0,0,1,3,2,3
"951","No","Third","Male",29,9.4833,"Southampton","Mr",0,0,0,3,2,3
"952","No","Third","Male",29,7.775,"Southampton","Mr",0,0,0,3,2,3
"953","No","Third","Male",22,7.775,"Southampton","Mr",0,0,0,3,2,3
"954","Yes","Third","Male",22,7.225,"Cherbourg","Mr",0,0,1,3,2,3
"955","No","Third","Male",6,25.4667,"Southampton","Master",4,0,0,3,2,1
"956","No","Third","Female",6,25.4667,"Southampton","Miss",4,0,0,3,1,2
"957","No","Third","Female",6,25.4667,"Southampton","Miss",4,0,0,3,1,2
"958","No","Third","Female",6,25.4667,"Southampton","Miss",4,0,0,3,1,2
"959","No","Third","Female",41,25.4667,"Southampton","Mrs",4,0,0,3,1,4
"960","No","Third","Male",32,7.925,"Southampton","Mr",0,0,0,3,2,3
"961","No","Third","Male",34.5,6.4375,"Cherbourg","Mr",0,0,0,3,2,3
"962","No","Third","Female",27,15.5,"Queenstown","Miss",1,0,0,3,1,2
"963","No","Third","Male",31,15.5,"Queenstown","Mr",1,0,0,3,2,3
"964","No","Third","Male",36,0,"Southampton","Mr",0,0,0,3,2,3
"965","No","Third","Male",39,24.15,"Southampton","Mr",0,0,0,3,2,3
"966","No","Third","Male",24,9.5,"Southampton","Mr",0,0,0,3,2,3
"967","No","Third","Female",25,7.775,"Southampton","Miss",0,0,0,3,1,2
"968","No","Third","Female",45,7.75,"Southampton","Miss",0,0,0,3,1,2
"969","No","Third","Male",36,15.55,"Southampton","Mr",1,0,0,3,2,3
"970","No","Third","Female",30,15.55,"Southampton","Mrs",1,0,0,3,1,4
"971","Yes","Third","Male",20,7.925,"Southampton","Mr",1,0,1,3,2,3
"972","No","Third","Male",31,7.8792,"Queenstown","Mr",0,0,0,3,2,3
"973","No","Third","Male",28,56.4958,"Southampton","Mr",0,0,0,3,2,3
"974","No","Third","Male",24,7.55,"Southampton","Mr",0,0,0,3,2,3
"975","No","Third","Male",30,16.1,"Southampton","Mr",1,0,0,3,2,3
"976","No","Third","Female",26,16.1,"Southampton","Mrs",1,0,0,3,1,4
"977","No","Third","Male",26,7.8792,"Southampton","Mr",0,0,0,3,2,3
"978","No","Third","Male",20.5,7.25,"Southampton","Mr",0,0,0,3,2,3
"979","Yes","Third","Male",27,8.6625,"Southampton","Mr",0,0,1,3,2,3
"980","No","Third","Male",51,7.0542,"Southampton","Mr",0,0,0,3,2,3
"981","Yes","Third","Female",23,7.8542,"Southampton","Miss",0,0,1,3,1,2
"982","Yes","Third","Male",32,7.5792,"Southampton","Mr",0,0,1,3,2,3
"983","No","Third","Male",26,7.8958,"Southampton","Mr",0,0,0,3,2,3
"984","No","Third","Male",24,7.55,"Southampton","Mr",0,0,0,3,2,3
"985","Yes","Third","Female",22,7.75,"Queenstown","Miss",0,0,1,3,1,2
"986","Yes","Third","Male",24,7.1417,"Southampton","Mr",0,0,1,3,2,3
"987","No","Third","Male",22,7.125,"Southampton","Mr",0,0,0,3,2,3
"988","No","Third","Female",24,7.8792,"Queenstown","Miss",0,0,0,3,1,2
"989","No","Third","Male",32,7.75,"Queenstown","Mr",0,0,0,3,2,3
"990","No","Third","Male",26,8.05,"Southampton","Mr",0,0,0,3,2,3
"991","No","Third","Male",29,7.925,"Southampton","Mr",0,0,0,3,2,3
"992","Yes","Third","Male",22,7.2292,"Cherbourg","Mr",0,0,1,3,2,3
"993","No","Third","Female",30.5,7.75,"Queenstown","Miss",0,0,0,3,1,2
"994","Yes","Third","Female",22,7.7375,"Queenstown","Miss",0,0,1,3,1,2
"995","No","Third","Male",23.5,7.2292,"Cherbourg","Mr",0,2,0,3,2,3
"996","No","Third","Male",35,7.8958,"Cherbourg","Mr",0,0,0,3,2,3
"997","No","Third","Male",33,7.8958,"Southampton","Mr",0,0,0,3,2,3
"998","Yes","Third","Female",18,7.225,"Cherbourg","Mrs",0,0,1,3,1,4
"999","No","Third","Male",30,7.8958,"Cherbourg","Mr",0,0,0,3,2,3
"1000","Yes","Third","Female",22,7.75,"Queenstown","Miss",0,0,1,3,1,2
"1001","Yes","Third","Male",31,7.75,"Queenstown","Mr",0,0,1,3,2,3
"1002","Yes","Third","Female",16,23.25,"Queenstown","Miss",2,0,1,3,1,2
"1003","Yes","Third","Female",16,23.25,"Queenstown","Miss",2,0,1,3,1,2
"1004","Yes","Third","Male",26,23.25,"Queenstown","Mr",2,0,1,3,2,3
"1005","Yes","Third","Female",22,7.7875,"Queenstown","Miss",0,0,1,3,1,2
"1006","No","Third","Male",31,15.5,"Queenstown","Mr",0,0,0,3,2,3
"1007","Yes","Third","Female",19,7.8792,"Queenstown","Miss",0,0,1,3,1,2
"1008","Yes","Third","Female",15,8.0292,"Queenstown","Miss",0,0,1,3,1,2
"1009","No","Third","Female",35,7.75,"Queenstown","Miss",0,0,0,3,1,2
"1010","No","Third","Male",32,7.75,"Queenstown","Mr",0,0,0,3,2,3
"1011","No","Third","Male",24,16.1,"Southampton","Mr",1,0,0,3,2,3
"1012","No","Third","Female",19,16.1,"Southampton","Mrs",1,0,0,3,1,4
"1013","No","Third","Female",30.5,7.75,"Queenstown","Miss",0,0,0,3,1,2
"1014","No","Third","Female",28,8.05,"Southampton","Miss",0,0,0,3,1,2
"1015","No","Third","Female",28,8.05,"Southampton","Mrs",0,0,0,3,1,4
"1016","No","Third","Male",55.5,8.05,"Southampton","Mr",0,0,0,3,2,3
"1017","No","Third","Male",32,7.75,"Queenstown","Mr",0,0,0,3,2,3
"1018","Yes","Third","Male",21,7.775,"Southampton","Mr",0,0,1,3,2,3
"1019","No","Third","Male",26,8.05,"Southampton","Mr",0,0,0,3,2,3
"1020","No","Third","Male",24,7.8958,"Southampton","Mr",0,0,0,3,2,3
"1021","No","Third","Male",21,7.8958,"Southampton","Mr",0,0,0,3,2,3
"1022","No","Third","Male",28,7.8958,"Southampton","Mr",0,0,0,3,2,3
"1023","No","Third","Male",26,7.8958,"Southampton","Mr",0,0,0,3,2,3
"1024","Yes","Third","Female",19,7.8792,"Queenstown","Miss",0,0,1,3,1,2
"1025","No","Third","Male",25,7.65,"Southampton","Mr",0,2,0,3,2,3
"1026","Yes","Third","Male",6,12.475,"Southampton","Master",1,1,1,3,2,1
"1027","Yes","Third","Female",27,12.475,"Southampton","Mrs",1,1,1,3,1,4
"1028","No","Third","Male",26,8.05,"Southampton","Mr",0,0,0,3,2,3
"1029","Yes","Third","Female",16,24.15,"Queenstown","Miss",1,0,1,3,1,2
"1030","No","Third","Male",31,24.15,"Queenstown","Mr",1,0,0,3,2,3
"1031","No","Third","Male",31,8.4583,"Queenstown","Mr",0,0,0,3,2,3
"1032","No","Third","Male",34,8.05,"Southampton","Mr",0,0,0,3,2,3
"1033","No","Third","Male",32,7.75,"Queenstown","Mr",0,0,0,3,2,3
"1034","Yes","Third","Male",26,7.775,"Southampton","Mr",0,0,1,3,2,3
"1035","Yes","Third","Male",12,15.2458,"Cherbourg","Master",2,0,1,3,2,1
"1036","Yes","Third","Male",12,15.2458,"Cherbourg","Master",2,0,1,3,2,1
"1037","Yes","Third","Female",9,15.2458,"Cherbourg","Mrs",2,0,1,3,1,4
"1038","Yes","Third","Female",18,7.2292,"Cherbourg","Mrs",0,0,1,3,1,4
"1039","No","Third","Male",26,8.05,"Southampton","Mr",0,0,0,3,2,3
"1040","Yes","Third","Female",22,7.7333,"Queenstown","Miss",0,0,1,3,1,2
"1041","Yes","Third","Female",24,7.75,"Queenstown","Miss",0,0,1,3,1,2
"1042","No","Third","Male",26,8.05,"Southampton","Mr",0,0,0,3,2,3
"1043","Yes","Third","Female",16,15.5,"Queenstown","Miss",1,0,1,3,1,2
"1044","Yes","Third","Female",16,15.5,"Queenstown","Miss",1,0,1,3,1,2
"1045","Yes","Third","Female",19,15.5,"Queenstown","Miss",0,0,1,3,1,2
"1046","No","Third","Male",18,7.75,"Southampton","Mr",0,0,0,3,2,3
"1047","No","Third","Male",22,7.8958,"Southampton","Mr",0,0,0,3,2,3
"1048","Yes","Third","Female",15,7.225,"Cherbourg","Miss",0,0,1,3,1,2
"1049","Yes","Third","Female",1,15.7417,"Cherbourg","Miss",2,0,1,3,1,2
"1050","Yes","Third","Male",20,15.7417,"Cherbourg","Mr",2,0,1,3,2,3
"1051","Yes","Third","Female",19,15.7417,"Cherbourg","Mrs",2,0,1,3,1,4
"1052","No","Third","Male",33,8.05,"Southampton","Mr",0,0,0,3,2,3
"1053","No","Third","Male",26,7.8958,"Southampton","Mr",0,0,0,3,2,3
"1054","No","Third","Male",23.5,7.2292,"Cherbourg","Mr",0,0,0,3,2,3
"1055","No","Third","Female",30.5,7.75,"Queenstown","Miss",0,0,0,3,1,2
"1056","No","Third","Male",26,7.8958,"Southampton","Mr",0,0,0,3,2,3
"1057","Yes","Third","Male",12,11.2417,"Cherbourg","Master",1,0,1,3,2,1
"1058","Yes","Third","Female",14,11.2417,"Cherbourg","Miss",1,0,1,3,1,2
"1059","No","Third","Female",29,7.925,"Southampton","Miss",0,0,0,3,1,2
"1060","No","Third","Male",28,8.05,"Southampton","Mr",0,0,0,3,2,3
"1061","Yes","Third","Female",18,7.775,"Southampton","Miss",0,0,1,3,1,2
"1062","Yes","Third","Female",26,7.8542,"Southampton","Miss",0,0,1,3,1,2
"1063","No","Third","Male",21,7.8542,"Southampton","Mr",0,0,0,3,2,3
"1064","No","Third","Male",41,7.125,"Southampton","Mr",0,0,0,3,2,3
"1065","Yes","Third","Male",39,7.925,"Southampton","Mr",0,0,1,3,2,3
"1066","No","Third","Male",21,7.8,"Southampton","Mr",0,0,0,3,2,3
"1067","No","Third","Male",28.5,7.2292,"Cherbourg","Mr",0,0,0,3,2,3
"1068","Yes","Third","Female",22,7.75,"Southampton","Miss",0,0,1,3,1,2
"1069","No","Third","Male",61,6.2375,"Southampton","Mr",0,0,0,3,2,3
"1070","No","Third","Male",31,15.5,"Queenstown","Mr",1,0,0,3,2,3
"1071","No","Third","Male",31,7.8292,"Queenstown","Mr",0,0,0,3,2,3
"1072","Yes","Third","Female",31,15.5,"Queenstown","Mrs",1,0,1,3,1,4
"1073","No","Third","Male",25,7.7333,"Queenstown","Mr",0,0,0,3,2,3
"1074","No","Third","Male",32,7.75,"Queenstown","Mr",0,0,0,3,2,3
"1075","No","Third","Male",32,7.75,"Queenstown","Mr",0,0,0,3,2,3
"1076","No","Third","Male",23,9.225,"Southampton","Mr",0,0,0,3,2,3
"1077","No","Third","Female",24,7.75,"Queenstown","Rare",0,0,0,3,1,5
"1078","Yes","Third","Female",22,7.75,"Queenstown","Miss",0,0,1,3,1,2
"1079","Yes","Third","Female",19,7.8792,"Queenstown","Miss",0,0,1,3,1,2
"1080","Yes","Third","Female",22,7.775,"Southampton","Miss",0,0,1,3,1,2
"1081","Yes","Third","Male",21,7.75,"Queenstown","Mr",0,0,1,3,2,3
"1082","Yes","Third","Female",19,7.8292,"Queenstown","Miss",0,0,1,3,1,2
"1083","Yes","Third","Male",9,3.1708,"Southampton","Master",1,0,1,3,2,1
"1084","No","Third","Male",28,22.525,"Southampton","Mr",0,0,0,3,2,3
"1085","No","Third","Male",42,8.4042,"Southampton","Mr",1,0,0,3,2,3
"1086","No","Third","Male",30,7.3125,"Southampton","Mr",0,0,0,3,2,3
"1087","No","Third","Female",31,7.8542,"Southampton","Miss",0,0,0,3,1,2
"1088","No","Third","Male",28,7.8542,"Southampton","Mr",0,0,0,3,2,3
"1089","Yes","Third","Male",32,7.775,"Southampton","Mr",0,0,1,3,2,3
"1090","No","Third","Male",20,9.225,"Southampton","Mr",0,0,0,3,2,3
"1091","No","Third","Female",23,8.6625,"Southampton","Miss",0,0,0,3,1,2
"1092","No","Third","Female",20,8.6625,"Southampton","Miss",0,0,0,3,1,2
"1093","No","Third","Male",20,8.6625,"Southampton","Mr",0,0,0,3,2,3
"1094","No","Third","Male",16,9.2167,"Southampton","Mr",0,0,0,3,2,3
"1095","Yes","Third","Female",31,8.6833,"Southampton","Mrs",0,0,1,3,1,4
"1096","No","Third","Female",21,7.6292,"Queenstown","Miss",0,0,0,3,1,2
"1097","No","Third","Male",2,21.075,"Southampton","Master",4,0,0,3,2,1
"1098","No","Third","Male",6,21.075,"Southampton","Master",4,0,0,3,2,1
"1099","No","Third","Female",3,21.075,"Southampton","Miss",4,0,0,3,1,2
"1100","No","Third","Female",8,21.075,"Southampton","Miss",4,0,0,3,1,2
"1101","No","Third","Female",29,21.075,"Southampton","Mrs",4,0,0,3,1,4
"1102","No","Third","Male",1,39.6875,"Southampton","Master",5,0,0,3,2,1
"1103","No","Third","Male",7,39.6875,"Southampton","Master",5,0,0,3,2,1
"1104","No","Third","Male",2,39.6875,"Southampton","Master",5,0,0,3,2,1
"1105","No","Third","Male",16,39.6875,"Southampton","Mr",5,0,0,3,2,3
"1106","No","Third","Male",14,39.6875,"Southampton","Mr",5,0,0,3,2,3
"1107","No","Third","Female",41,39.6875,"Southampton","Mrs",5,0,0,3,1,4
"1108","No","Third","Male",21,8.6625,"Southampton","Mr",0,0,0,3,2,3
"1109","No","Third","Male",19,14.5,"Southampton","Mr",0,0,0,3,2,3
"1110","No","Third","Male",33,8.7125,"Cherbourg","Mr",0,0,0,3,2,3
"1111","No","Third","Male",32,7.8958,"Southampton","Mr",0,0,0,3,2,3
"1112","No","Third","Male",0.75,13.775,"Southampton","Master",2,0,0,3,2,1
"1113","No","Third","Female",3,13.775,"Southampton","Miss",2,0,0,3,1,2
"1114","No","Third","Female",26,13.775,"Southampton","Mrs",2,0,0,3,1,4
"1115","No","Third","Male",25,7,"Southampton","Mr",0,0,0,3,2,3
"1116","No","Third","Male",24,7.775,"Southampton","Mr",0,0,0,3,2,3
"1117","No","Third","Male",26,8.05,"Southampton","Mr",0,0,0,3,2,3
"1118","No","Third","Male",21,7.925,"Southampton","Mr",0,0,0,3,2,3
"1119","No","Third","Male",25,7.925,"Southampton","Mr",0,0,0,3,2,3
"1120","No","Third","Male",22,7.25,"Southampton","Mr",0,0,0,3,2,3
"1121","Yes","Third","Male",25,7.775,"Southampton","Mr",1,0,1,3,2,3
"1122","Yes","Third","Male",12,22.3583,"Cherbourg","Master",2,0,1,3,2,1
"1123","Yes","Third","Female",15,22.3583,"Cherbourg","Miss",2,2,1,3,1,2
"1124","Yes","Third","Female",19,22.3583,"Cherbourg","Mrs",2,0,1,3,1,4
"1125","No","Third","Female",24,8.1375,"Queenstown","Miss",0,0,0,3,1,2
"1126","No","Third","Male",24,8.05,"Southampton","Mr",0,0,0,3,2,3
"1127","No","Third","Female",28,7.8958,"Southampton","Miss",0,0,0,3,1,2
"1128","No","Third","Male",19,7.8958,"Southampton","Mr",0,0,0,3,2,3
"1129","No","Third","Male",26,7.8958,"Southampton","Mr",0,0,0,3,2,3
"1130","No","Third","Male",25,7.775,"Southampton","Mr",1,0,0,3,2,3
"1131","No","Third","Female",18,7.775,"Southampton","Miss",0,0,0,3,1,2
"1132","Yes","Third","Male",32,8.05,"Southampton","Mr",0,1,1,3,2,3
"1133","No","Third","Male",26,7.8958,"Southampton","Mr",0,0,0,3,2,3
"1134","No","Third","Male",17,8.6625,"Southampton","Mr",0,0,0,3,2,3
"1135","No","Third","Male",24,8.6625,"Southampton","Mr",0,0,0,3,2,3
"1136","No","Third","Male",26,7.8958,"Southampton","Mr",0,0,0,3,2,3
"1137","No","Third","Female",28,8.1125,"Southampton","Mrs",0,0,0,3,1,4
"1138","No","Third","Male",23.5,7.2292,"Cherbourg","Mr",0,0,0,3,2,3
"1139","No","Third","Male",28,7.25,"Southampton","Mr",0,0,0,3,2,3
"1140","No","Third","Male",38,7.8958,"Southampton","Mr",0,0,0,3,2,3
"1141","No","Third","Male",21,8.05,"Southampton","Mr",0,0,0,3,2,3
"1142","No","Third","Male",10,29.125,"Queenstown","Master",5,0,0,3,2,1
"1143","No","Third","Male",4,29.125,"Queenstown","Master",5,0,0,3,2,1
"1144","No","Third","Male",7,29.125,"Queenstown","Master",5,0,0,3,2,1
"1145","No","Third","Male",2,29.125,"Queenstown","Master",5,0,0,3,2,1
"1146","No","Third","Male",8,29.125,"Queenstown","Master",5,0,0,3,2,1
"1147","No","Third","Female",39,29.125,"Queenstown","Mrs",5,0,0,3,1,4
"1148","No","Third","Female",22,39.6875,"Southampton","Miss",0,0,0,3,1,2
"1149","No","Third","Male",35,7.125,"Southampton","Mr",0,0,0,3,2,3
"1150","Yes","Third","Female",22,7.7208,"Queenstown","Miss",0,0,1,3,1,2
"1151","No","Third","Male",21,14.5,"Southampton","Mr",0,0,0,3,2,3
"1152","No","Third","Female",22,14.5,"Southampton","Mrs",0,0,0,3,1,4
"1153","No","Third","Male",50,14.5,"Southampton","Mr",1,0,0,3,2,3
"1154","No","Third","Female",47,14.5,"Southampton","Mrs",1,0,0,3,1,4
"1155","No","Third","Male",26,8.05,"Southampton","Mr",0,0,0,3,2,3
"1156","No","Third","Male",24,7.775,"Southampton","Mr",0,0,0,3,2,3
"1157","No","Third","Female",2,20.2125,"Southampton","Miss",2,0,0,3,1,2
"1158","No","Third","Male",18,20.2125,"Southampton","Mr",2,0,0,3,2,3
"1159","No","Third","Female",41,20.2125,"Southampton","Mrs",2,0,0,3,1,4
"1160","Yes","Third","Female",23,8.05,"Southampton","Miss",0,0,1,3,1,2
"1161","No","Third","Male",50,8.05,"Southampton","Mr",0,0,0,3,2,3
"1162","No","Third","Male",16,8.05,"Southampton","Mr",0,0,0,3,2,3
"1163","Yes","Third","Male",22,7.75,"Queenstown","Mr",0,0,1,3,2,3
"1164","No","Third","Male",31,24.15,"Queenstown","Mr",0,0,0,3,2,3
"1165","No","Third","Male",23.5,7.2292,"Cherbourg","Mr",0,0,0,3,2,3
"1166","No","Third","Male",25,7.225,"Cherbourg","Mr",0,0,0,3,2,3
"1167","No","Third","Male",22.5,7.225,"Cherbourg","Mr",0,0,0,3,2,3
"1168","No","Third","Male",25,7.7292,"Queenstown","Mr",0,0,0,3,2,3
"1169","No","Third","Male",24,7.575,"Southampton","Mr",0,0,0,3,2,3
"1170","No","Third","Male",38.5,7.25,"Southampton","Mr",0,0,0,3,2,3
"1171","No","Third","Male",11,69.55,"Southampton","Master",10,0,0,3,2,1
"1172","No","Third","Male",14.5,69.55,"Southampton","Master",10,0,0,3,2,1
"1173","No","Third","Female",9,69.55,"Southampton","Miss",10,0,0,3,1,2
"1174","No","Third","Female",9,69.55,"Southampton","Miss",10,0,0,3,1,2
"1175","No","Third","Female",9,69.55,"Southampton","Miss",10,0,0,3,1,2
"1176","No","Third","Female",9,69.55,"Southampton","Miss",10,0,0,3,1,2
"1177","No","Third","Male",11,69.55,"Southampton","Mr",10,0,0,3,2,3
"1178","No","Third","Male",11,69.55,"Southampton","Mr",10,0,0,3,2,3
"1179","No","Third","Male",11,69.55,"Southampton","Mr",10,0,0,3,2,3
"1180","No","Third","Male",40,69.55,"Southampton","Mr",10,0,0,3,2,3
"1181","No","Third","Female",43,69.55,"Southampton","Mrs",10,0,0,3,1,4
"1182","No","Third","Male",24,9.325,"Southampton","Mr",0,0,0,3,2,3
"1183","Yes","Third","Female",21,7.65,"Southampton","Miss",0,0,1,3,1,2
"1184","No","Third","Male",39,7.925,"Southampton","Mr",0,0,0,3,2,3
"1185","No","Third","Male",17,21.6792,"Cherbourg","Mr",2,0,0,3,2,3
"1186","No","Third","Male",17,21.6792,"Cherbourg","Mr",2,0,0,3,2,3
"1187","No","Third","Male",17,21.6792,"Cherbourg","Mr",2,0,0,3,2,3
"1188","Yes","Third","Female",1,16.7,"Southampton","Miss",2,1,1,3,1,2
"1189","Yes","Third","Female",24,16.7,"Southampton","Mrs",2,1,1,3,1,4
"1190","Yes","Third","Female",4,16.7,"Southampton","Miss",2,1,1,3,1,2
"1191","Yes","Third","Male",25,9.5,"Southampton","Mr",0,0,1,3,2,3
"1192","No","Third","Male",20,8.05,"Southampton","Mr",0,0,0,3,2,3
"1193","No","Third","Male",24.5,8.05,"Southampton","Mr",0,0,0,3,2,3
"1194","No","Third","Male",25,7.725,"Queenstown","Mr",0,0,0,3,2,3
"1195","No","Third","Male",26,7.8958,"Southampton","Mr",0,0,0,3,2,3
"1196","No","Third","Male",32,7.75,"Queenstown","Mr",0,0,0,3,2,3
"1197","Yes","Third","Male",29,9.5,"Southampton","Mr",0,0,1,3,2,3
"1198","No","Third","Male",28.5,15.1,"Southampton","Mr",0,0,0,3,2,3
"1199","Yes","Third","Female",21,7.7792,"Queenstown","Miss",0,0,1,3,1,2
"1200","No","Third","Male",26,8.05,"Southampton","Mr",0,0,0,3,2,3
"1201","No","Third","Male",26,8.05,"Southampton","Mr",0,0,0,3,2,3
"1202","No","Third","Male",22,7.2292,"Cherbourg","Mr",0,0,0,3,2,3
"1203","No","Third","Male",26,8.05,"Southampton","Mr",0,0,0,3,2,3
"1204","No","Third","Male",40,7.8958,"Southampton","Mr",0,0,0,3,2,3
"1205","No","Third","Male",21,7.925,"Southampton","Mr",0,0,0,3,2,3
"1206","Yes","Third","Female",18,7.4958,"Southampton","Miss",0,0,1,3,1,2
"1207","No","Third","Male",4,27.9,"Southampton","Master",5,0,0,3,2,1
"1208","No","Third","Male",10,27.9,"Southampton","Master",5,0,0,3,2,1
"1209","No","Third","Female",9,27.9,"Southampton","Miss",5,0,0,3,1,2
"1210","No","Third","Female",2,27.9,"Southampton","Miss",5,0,0,3,1,2
"1211","No","Third","Male",40,27.9,"Southampton","Mr",5,0,0,3,2,3
"1212","No","Third","Female",45,27.9,"Southampton","Mrs",5,0,0,3,1,4
"1213","No","Third","Male",26,7.8958,"Southampton","Mr",0,0,0,3,2,3
"1214","No","Third","Male",26,8.05,"Southampton","Mr",0,0,0,3,2,3
"1215","No","Third","Male",17,8.6625,"Southampton","Mr",0,0,0,3,2,3
"1216","No","Third","Male",32,7.75,"Queenstown","Mr",0,0,0,3,2,3
"1217","Yes","Third","Female",22,7.7333,"Queenstown","Miss",0,0,1,3,1,2
"1218","No","Third","Male",19,7.65,"Southampton","Mr",0,2,0,3,2,3
"1219","No","Third","Male",30,8.05,"Southampton","Mr",0,0,0,3,2,3
"1220","No","Third","Male",26,8.05,"Southampton","Mr",0,0,0,3,2,3
"1221","No","Third","Male",32,8.05,"Southampton","Mr",0,0,0,3,2,3
"1222","No","Third","Male",26,7.8958,"Southampton","Mr",0,0,0,3,2,3
"1223","No","Third","Male",33,8.6625,"Cherbourg","Mr",0,0,0,3,2,3
"1224","Yes","Third","Female",23,7.55,"Southampton","Miss",0,0,1,3,1,2
"1225","No","Third","Male",21,8.05,"Southampton","Mr",0,0,0,3,2,3
"1226","No","Third","Male",60.5,39.6,"Southampton","Mr",0,0,0,3,2,3
"1227","No","Third","Male",19,7.8958,"Southampton","Mr",0,0,0,3,2,3
"1228","No","Third","Female",22,9.8375,"Southampton","Miss",0,0,0,3,1,2
"1229","Yes","Third","Male",31,7.925,"Southampton","Mr",0,0,1,3,2,3
"1230","No","Third","Male",27,8.6625,"Southampton","Mr",0,0,0,3,2,3
"1231","No","Third","Female",2,10.4625,"Southampton","Miss",1,1,0,3,1,2
"1232","No","Third","Female",29,10.4625,"Southampton","Mrs",2,1,0,3,1,4
"1233","Yes","Third","Male",16,8.05,"Southampton","Mr",0,0,1,3,2,3
"1234","Yes","Third","Male",44,7.925,"Southampton","Mr",0,0,1,3,2,3
"1235","No","Third","Male",25,7.05,"Southampton","Mr",0,0,0,3,2,3
"1236","No","Third","Male",74,7.775,"Southampton","Mr",0,0,0,3,2,3
"1237","Yes","Third","Male",14,9.225,"Southampton","Mr",0,0,1,3,2,3
"1238","No","Third","Male",24,7.7958,"Southampton","Mr",0,0,0,3,2,3
"1239","Yes","Third","Male",25,7.7958,"Southampton","Mr",0,0,1,3,2,3
"1240","No","Third","Male",34,8.05,"Southampton","Mr",0,0,0,3,2,3
"1241","Yes","Third","Male",0.4167,8.5167,"Cherbourg","Master",1,0,1,3,2,1
"1242","No","Third","Male",18,6.4375,"Cherbourg","Mr",1,0,0,3,2,3
"1243","No","Third","Male",30,6.4375,"Cherbourg","Mr",0,0,0,3,2,3
"1244","No","Third","Male",22.5,7.225,"Cherbourg","Mr",0,0,0,3,2,3
"1245","Yes","Third","Female",16,8.5167,"Cherbourg","Mrs",2,0,1,3,1,4
"1246","No","Third","Male",26,8.05,"Southampton","Mr",0,0,0,3,2,3
"1247","No","Third","Male",28,16.1,"Southampton","Mr",1,0,0,3,2,3
"1248","Yes","Third","Female",24,16.1,"Southampton","Mrs",1,0,1,3,1,4
"1249","No","Third","Male",32,7.925,"Southampton","Mr",0,0,0,3,2,3
"1250","No","Third","Male",32,7.75,"Queenstown","Mr",0,1,0,3,2,3
"1251","No","Third","Male",26,7.8958,"Southampton","Mr",0,0,0,3,2,3
"1252","No","Third","Male",30.5,8.05,"Southampton","Mr",0,0,0,3,2,3
"1253","No","Third","Male",44,8.05,"Southampton","Mr",0,0,0,3,2,3
"1254","No","Third","Male",23.5,7.2292,"Cherbourg","Mr",0,0,0,3,2,3
"1255","Yes","Third","Male",25,0,"Southampton","Mr",0,0,1,3,2,3
"1256","No","Third","Male",23.5,7.2292,"Cherbourg","Mr",0,0,0,3,2,3
"1257","Yes","Third","Male",7,15.2458,"Cherbourg","Master",2,0,1,3,2,1
"1258","Yes","Third","Female",9,15.2458,"Cherbourg","Miss",2,0,1,3,1,2
"1259","Yes","Third","Female",29,15.2458,"Cherbourg","Mrs",2,0,1,3,1,4
"1260","No","Third","Male",36,7.8958,"Southampton","Mr",0,0,0,3,2,3
"1261","Yes","Third","Female",18,9.8417,"Southampton","Miss",0,0,1,3,1,2
"1262","Yes","Third","Female",63,9.5875,"Southampton","Mrs",0,0,1,3,1,4
"1263","No","Third","Male",16,14.5,"Southampton","Master",2,0,0,3,2,1
"1264","No","Third","Male",11.5,14.5,"Southampton","Master",2,0,0,3,2,1
"1265","No","Third","Male",40.5,14.5,"Southampton","Mr",2,0,0,3,2,3
"1266","No","Third","Female",10,24.15,"Southampton","Miss",2,0,0,3,1,2
"1267","No","Third","Male",36,24.15,"Southampton","Mr",2,0,0,3,2,3
"1268","No","Third","Female",30,24.15,"Southampton","Mrs",2,0,0,3,1,4
"1269","No","Third","Male",24,9.5,"Southampton","Mr",0,0,0,3,2,3
"1270","No","Third","Male",33,9.5,"Southampton","Mr",0,0,0,3,2,3
"1271","No","Third","Male",28,9.5,"Southampton","Mr",0,0,0,3,2,3
"1272","No","Third","Male",28,9.5,"Southampton","Mr",0,0,0,3,2,3
"1273","No","Third","Male",47,9,"Southampton","Mr",0,0,0,3,2,3
"1274","No","Third","Female",18,18,"Southampton","Miss",2,0,0,3,1,2
"1275","No","Third","Male",31,18,"Southampton","Mr",3,0,0,3,2,3
"1276","No","Third","Male",16,18,"Southampton","Mr",2,0,0,3,2,3
"1277","No","Third","Female",31,18,"Southampton","Mrs",1,0,0,3,1,4
"1278","Yes","Third","Male",22,7.225,"Cherbourg","Mr",0,0,1,3,2,3
"1279","No","Third","Male",20,7.8542,"Southampton","Mr",0,0,0,3,2,3
"1280","No","Third","Female",14,7.8542,"Southampton","Miss",0,0,0,3,1,2
"1281","No","Third","Male",22,7.8958,"Southampton","Mr",0,0,0,3,2,3
"1282","No","Third","Male",22,9,"Southampton","Mr",0,0,0,3,2,3
"1283","No","Third","Male",26,8.05,"Southampton","Mr",0,0,0,3,2,3
"1284","No","Third","Male",24,7.55,"Southampton","Mr",0,0,0,3,2,3
"1285","No","Third","Male",26,8.05,"Southampton","Mr",0,0,0,3,2,3
"1286","No","Third","Male",32.5,9.5,"Southampton","Mr",0,0,0,3,2,3
"1287","Yes","Third","Female",38,7.2292,"Cherbourg","Mrs",0,0,1,3,1,4
"1288","No","Third","Male",51,7.75,"Southampton","Mr",0,0,0,3,2,3
"1289","No","Third","Male",18,6.4958,"Southampton","Mr",1,0,0,3,2,3
"1290","No","Third","Male",21,6.4958,"Southampton","Mr",1,0,0,3,2,3
"1291","Yes","Third","Female",47,7,"Southampton","Mrs",1,0,1,3,1,4
"1292","No","Third","Male",17,8.7125,"Southampton","Mr",0,0,0,3,2,3
"1293","No","Third","Male",30,7.55,"Southampton","Mr",0,0,0,3,2,3
"1294","No","Third","Male",26,8.05,"Southampton","Mr",0,0,0,3,2,3
"1295","No","Third","Male",28.5,16.1,"Southampton","Mr",0,0,0,3,2,3
"1296","No","Third","Male",21,7.25,"Southampton","Mr",0,0,0,3,2,3
"1297","No","Third","Male",27,8.6625,"Southampton","Mr",0,0,0,3,2,3
"1298","No","Third","Male",30,7.25,"Southampton","Mr",0,0,0,3,2,3
"1299","No","Third","Male",36,9.5,"Southampton","Mr",0,0,0,3,2,3
"1300","No","Third","Male",27,14.4542,"Cherbourg","Mr",1,0,0,3,2,3
"1301","Yes","Third","Female",15,14.4542,"Cherbourg","Mrs",1,0,1,3,1,4
"1302","No","Third","Male",45.5,7.225,"Cherbourg","Mr",0,0,0,3,2,3
"1303","No","Third","Male",22.5,7.225,"Cherbourg","Mr",0,0,0,3,2,3
"1304","No","Third","Male",33,14.4583,"Cherbourg","Mr",0,0,0,3,2,3
"1305","No","Third","Female",14.5,14.4542,"Cherbourg","Miss",1,0,0,3,1,2
"1306","No","Third","Female",17,14.4542,"Cherbourg","Miss",1,0,0,3,1,2
"1307","No","Third","Male",26.5,7.225,"Cherbourg","Mr",0,0,0,3,2,3
"1308","No","Third","Male",27,7.225,"Cherbourg","Mr",0,0,0,3,2,3
"1309","No","Third","Male",29,7.875,"Southampton","Mr",0,0,0,3,2,3
